id_municipio;desc_municipio
1;ABADIA DE GOIAS
2;ABADIANIA
3;ABAETE
4;ABAETETUBA
5;ABATIA
6;ABELARDO LUZ
7;ABRE CAMPO
8;ABREU E LIMA
9;ACAILANDIA
10;ACARAU
11;ACEGUA
12;ACOPIARA
13;ACRELANDIA
14;ADAMANTINA
15;ADRIANOPOLIS
16;ADUSTINA
17;AFRANIO
18;AFUA
19;AGROLANDIA
20;AGRONOMICA
21;AGUA BOA
22;AGUA DOCE DO NORTE
23;AGUA LIMPA
24;AGUA PRETA
25;AGUA SANTA
26;AGUAS DE SAO PEDRO
27;AGUAS FORMOSAS
28;AGUAS LINDAS DE GOIAS
29;AGUDO
30;AGUDOS
31;AGUDOS DO SUL
32;AIUABA
33;ALAGOINHA
34;ALAGOINHAS
35;ALDEIAS ALTAS
36;ALEGRE
37;ALEGRETE
38;ALEGRIA
39;ALEM PARAIBA
40;ALFENAS
41;ALFREDO CHAVES
42;ALIANCA DO TOCANTINS
43;ALMEIRIM
44;ALMIRANTE TAMANDARE
45;ALTA FLORESTA
46;ALTAMIRA
47;ALTEROSA
48;ALTINHO
49;ALTINOPOLIS
50;ALTO ALEGRE
51;ALTO ALEGRE DO MARANHAO
52;ALTO ARAGUAIA
53;ALTO CAPARAO
54;ALTO DO RODRIGUES
55;ALTO GARCAS
56;ALTO JEQUITIBA
57;ALTO PARAISO DE GOIAS
58;ALTO PARANA
59;ALTO TAQUARI
60;ALTONIA
61;ALVARES MACHADO
62;ALVINOPOLIS
63;ALVORADA
64;ALVORADA DO SUL
65;AMAPA DO MARANHAO
66;AMARAJI
67;AMARANTE
68;AMARGOSA
69;AMELIA RODRIGUES
70;AMERICA DOURADA
71;AMERICANA
72;AMERICO BRASILIENSE
73;AMETISTA DO SUL
74;AMONTADA
75;AMPARO
76;ANALANDIA
77;ANANAS
78;ANANINDEUA
79;ANAPOLIS
80;ANAPU
81;ANCHIETA
82;ANDARAI
83;ANDIRA
84;ANDRADAS
85;ANDRADINA
86;ANDRELANDIA
87;ANGATUBA
88;ANGELICA
89;ANGELIM
90;ANGELINA
91;ANGRA DOS REIS
92;ANHEMBI
93;ANHUMAS
94;ANISIO DE ABREU
95;ANTONINA
96;ANTONIO PRADO
97;APARECIDA
98;APARECIDA D OESTE
99;APARECIDA DE GOIANIA
100;APARECIDA DO RIO NEGRO
101;APARECIDA DO TABOADO
102;APIAI
103;APICUM ACU
104;APIUNA
105;APODI
106;APUCARANA
107;AQUIDABA
108;AQUIRAZ
109;ARACAJU
110;ARACARIGUAMA
111;ARACATI
112;ARACATUBA
113;ARACI
114;ARACOIABA
115;ARACOIABA DA SERRA
116;ARACRUZ
117;ARAGUACEMA
118;ARAGUAIANA
119;ARAGUAINA
120;ARAGUAINHA
121;ARAGUAPAZ
122;ARAGUARI
123;ARAL MOREIRA
124;ARAMARI
125;ARAPIRACA
126;ARAPONGA
127;ARAPONGAS
128;ARAQUARI
129;ARARANGUA
130;ARARAQUARA
131;ARARAS
132;ARARIPINA
133;ARARUAMA
134;ARARUNA
135;ARAUA
136;ARAUCARIA
137;ARAUJOS
138;ARAXA
139;ARCEBURGO
140;ARCOS
141;ARCOVERDE
142;AREAL
143;AREALVA
144;ARGIRITA
145;ARIPUANA
146;ARIQUEMES
147;ARIRANHA
148;ARMACAO DOS BUZIOS
149;ARMAZEM
150;ARRAIAS
151;ARROIO DO MEIO
152;ARROIO DOS RATOS
153;ARTUR NOGUEIRA
154;ARUANA
155;ARUJA
156;ARVOREZINHA
157;ASCURRA
158;ASSARE
159;ASSIS
160;ASSIS CHATEAUBRIAND
161;ASTOLFO DUTRA
162;ASTORGA
163;ATALAIA
164;ATALEIA
165;ATIBAIA
166;AURIFLAMA
167;AURILANDIA
168;AUTAZES
169;AVAI
170;AVARE
171;AVELINO LOPES
172;AXIXA DO TOCANTINS
173;BABACULANDIA
174;BACABAL
175;BADY BASSITT
176;BAGE
177;BAGRE
178;BAIA FORMOSA
179;BAIXA GRANDE
180;BAIXO GUANDU
181;BALBINOS
182;BALNEARIO BARRA DO SUL
183;BALNEARIO CAMBORIU
184;BALNEARIO PICARRAS
185;BALNEARIO PINHAL
186;BALSAMO
187;BALSAS
188;BAMBUI
189;BANDEIRANTES
190;BANZAE
191;BARAO DE COCAIS
192;BARAO DE MONTE ALTO
193;BARAUNA
194;BARBACENA
195;BARBALHA
196;BARBOSA
197;BARBOSA FERRAZ
198;BARCARENA
199;BARIRI
200;BARRA
201;BARRA BONITA
202;BARRA DA ESTIVA
203;BARRA DE SANTA ROSA
204;BARRA DE SAO FRANCISCO
205;BARRA DO CHAPEU
206;BARRA DO CHOCA
207;BARRA DO CORDA
208;BARRA DO GARCAS
209;BARRA DO GUARITA
210;BARRA DO MENDES
211;BARRA DO PIRAI
212;BARRA DO RIBEIRO
213;BARRA DOS COQUEIROS
214;BARRA LONGA
215;BARRA MANSA
216;BARRA VELHA
217;BARRACAO
218;BARRAS
219;BARREIRA
220;BARREIRAS
221;BARREIRINHAS
222;BARREIROS
223;BARRETOS
224;BARRO
225;BARRO DURO
226;BARROQUINHA
227;BARUERI
228;BASTOS
229;BATATAIS
230;BATAYPORA
231;BATURITE
232;BAURU
233;BAYEUX
234;BEBEDOURO
235;BEBERIBE
236;BELA VISTA
237;BELA VISTA DE MINAS
238;BELA VISTA DO MARANHAO
239;BELA VISTA DO PARAISO
240;BELEM
241;BELFORD ROXO
242;BELO HORIZONTE
243;BELO JARDIM
244;BELO ORIENTE
245;BELO VALE
246;BENEDITINOS
247;BENEVIDES
248;BENJAMIN CONSTANT DO SUL
249;BENTO GONCALVES
250;BERNARDINO BATISTA
251;BERNARDINO DE CAMPOS
252;BERTIOGA
253;BETIM
254;BICAS
255;BIGUACU
256;BIRIGUI
257;BLUMENAU
258;BOA ESPERANCA
259;BOA ESPERANCA DO SUL
260;BOA VISTA
261;BOA VISTA DA APARECIDA
262;BOA VISTA DO GURUPI
263;BOA VISTA DO INCRA
264;BOA VISTA DO TUPIM
265;BOCA DO ACRE
266;BOCAIUVA
267;BOCAIUVA DO SUL
268;BODO
269;BODOCO
270;BODOQUENA
271;BOFETE
272;BOITUVA
273;BOM CONSELHO
274;BOM DESPACHO
275;BOM JARDIM
276;BOM JESUS
277;BOM JESUS DA LAPA
278;BOM JESUS DAS SELVAS
279;BOM JESUS DO ARAGUAIA
280;BOM JESUS DO GALHO
281;BOM JESUS DO ITABAPOANA
282;BOM JESUS DO NORTE
283;BOM JESUS DO OESTE
284;BOM JESUS DO SUL
285;BOM JESUS DOS PERDOES
286;BOM PRINCIPIO
287;BOM SUCESSO
288;BOM SUCESSO DE ITARARE
289;BOMBINHAS
290;BONFINOPOLIS
291;BOQUEIRAO
292;BOQUIM
293;BORA
294;BORBOREMA
295;BORDA DA MATA
296;BOTUCATU
297;BRACO DO NORTE
298;BRAGANCA
299;BRAGANCA PAULISTA
300;BRASILANDIA
301;BRASILEIRA
302;BRASILIA
303;BRASILIA DE MINAS
304;BRAUNA
305;BRAUNAS
306;BREJO
307;BREJO ALEGRE
308;BREJO DO CRUZ
309;BREJOES
310;BREJOLANDIA
311;BREU BRANCO
312;BREVES
313;BRITANIA
314;BROTAS
315;BRUMADINHO
316;BRUMADO
317;BRUSQUE
318;BUENO BRANDAO
319;BUENOPOLIS
320;BUENOS AIRES
321;BUIQUE
322;BUJARI
323;BURI
324;BURITAMA
325;BURITI ALEGRE
326;BURITI DOS MONTES
327;BURITICUPU
328;BURITIRAMA
329;BURITIS
330;BURITIZAL
331;BURITIZEIRO
332;CABECEIRA GRANDE
333;CABEDELO
334;CABIXI
335;CABO DE SANTO AGOSTINHO
336;CABO FRIO
337;CABREUVA
338;CABROBO
339;CACADOR
340;CACAPAVA
341;CACAPAVA DO SUL
342;CACEQUI
343;CACERES
344;CACHOEIRA DE MINAS
345;CACHOEIRA DO SUL
346;CACHOEIRA DOURADA
347;CACHOEIRA PAULISTA
348;CACHOEIRAS DE MACACU
349;CACHOEIRINHA
350;CACHOEIRO DE ITAPEMIRIM
351;CACIMBA DE AREIA
352;CACOAL
353;CACONDE
354;CACU
355;CAETANOPOLIS
356;CAETANOS
357;CAETE
358;CAETITE
359;CAFARNAUM
360;CAFELANDIA
361;CAIABU
362;CAIBI
363;CAICARA
364;CAICO
365;CAIEIRAS
366;CAJAMAR
367;CAJAZEIRAS
368;CAJOBI
369;CAJUEIRO
370;CAJURU
371;CALDAS
372;CALDAS NOVAS
373;CALIFORNIA
374;CALMON
375;CAMACAN
376;CAMACARI
377;CAMACHO
378;CAMANDUCAIA
379;CAMAQUA
380;CAMARAGIBE
381;CAMARGO
382;CAMBARA
383;CAMBE
384;CAMBORIU
385;CAMPANHA
386;CAMPESTRE
387;CAMPESTRE DA SERRA
388;CAMPINA DA LAGOA
389;CAMPINA DAS MISSOES
390;CAMPINA DO MONTE ALEGRE
391;CAMPINA DO SIMAO
392;CAMPINA GRANDE
393;CAMPINA GRANDE DO SUL
394;CAMPINAPOLIS
395;CAMPINAS
396;CAMPINORTE
397;CAMPO ALEGRE
398;CAMPO ALEGRE DE LOURDES
399;CAMPO BOM
400;CAMPO BONITO
401;CAMPO DO TENENTE
402;CAMPO ERE
403;CAMPO FORMOSO
404;CAMPO GRANDE
405;CAMPO GRANDE DO PIAUI
406;CAMPO LARGO
407;CAMPO LIMPO PAULISTA
408;CAMPO MAGRO
409;CAMPO MAIOR
410;CAMPO MOURAO
411;CAMPO NOVO DO PARECIS
412;CAMPO VERDE
413;CAMPOS BELOS
414;CAMPOS BORGES
415;CAMPOS DO JORDAO
416;CAMPOS DOS GOYTACAZES
417;CAMPOS NOVOS PAULISTA
418;CANAA DOS CARAJAS
419;CANANEIA
420;CANAPOLIS
421;CANARANA
422;CANDEIAS
423;CANDEIAS DO JAMARI
424;CANDELARIA
425;CANDIDO DE ABREU
426;CANDIDO MOTA
427;CANDIOTA
428;CANDOI
429;CANELA
430;CANELINHA
431;CANGUARETAMA
432;CANGUCU
433;CANINDE
434;CANOAS
435;CANTAGALO
436;CANTANHEDE
437;CAPANEMA
438;CAPAO BONITO
439;CAPAO DA CANOA
440;CAPAO DO LEAO
441;CAPELA
442;CAPELA DO ALTO
443;CAPINOPOLIS
444;CAPINZAL
445;CAPISTRANO
446;CAPITAO ENEAS
447;CAPIVARI
448;CAPIVARI DO SUL
449;CAPIXABA
450;CARACARAI
451;CARACOL
452;CARAGUATATUBA
453;CARAMBEI
454;CARANDAI
455;CARANGOLA
456;CARAPICUIBA
457;CARATINGA
458;CARAUBAS
459;CARAVELAS
460;CARAZINHO
461;CARDEAL DA SILVA
462;CARDOSO
463;CAREIRO
464;CAREIRO DA VARZEA
465;CARIACICA
466;CARINHANHA
467;CARIRE
468;CARIRI DO TOCANTINS
469;CARIUS
470;CARLINDA
471;CARLOPOLIS
472;CARLOS BARBOSA
473;CARLOS CHAGAS
474;CARMO DO CAJURU
475;CARMOPOLIS
476;CARMOPOLIS DE MINAS
477;CARNAUBAIS
478;CARNEIROS
479;CAROLINA
480;CARPINA
481;CARRANCAS
482;CARUARU
483;CASA BRANCA
484;CASA NOVA
485;CASCAVEL
486;CASIMIRO DE ABREU
487;CASINHAS
488;CASSIA DOS COQUEIROS
489;CASTANHAL
490;CASTELO
491;CASTILHO
492;CASTRO
493;CATAGUASES
494;CATALAO
495;CATANDUVA
496;CATANDUVAS
497;CATENDE
498;CATIGUA
499;CATOLE DO ROCHA
500;CATU
501;CAUCAIA
502;CAVALCANTE
503;CAXAMBU
504;CAXAMBU DO SUL
505;CAXIAS
506;CAXIAS DO SUL
507;CEARA MIRIM
508;CEDRAL
509;CEDRO
510;CENTRALINA
511;CEREJEIRAS
512;CERES
513;CERQUEIRA CESAR
514;CERQUILHO
515;CERRITO
516;CERRO GRANDE DO SUL
517;CERRO LARGO
518;CESARIO LANGE
519;CHAPADA DE AREIA
520;CHAPADA DO NORTE
521;CHAPADA DOS GUIMARAES
522;CHAPADAO DO CEU
523;CHAPADAO DO SUL
524;CHAPADINHA
525;CHAPECO
526;CHARQUEADA
527;CHAVANTES
528;CHOPINZINHO
529;CHUPINGUAIA
530;CIANORTE
531;CIDADE OCIDENTAL
532;CIDREIRA
533;CIRIACO
534;CLEMENTINA
535;COARACI
536;COARI
537;CODAJAS
538;CODO
539;COELHO NETO
540;COITE DO NOIA
541;COLARES
542;COLATINA
543;COLIDER
544;COLINA
545;COLINAS
546;COLOMBIA
547;COLOMBO
548;COLORADO
549;COLUNA
550;COMBINADO
551;COMODORO
552;CONCEICAO DA APARECIDA
553;CONCEICAO DA BARRA
554;CONCEICAO DE IPANEMA
555;CONCEICAO DO ARAGUAIA
556;CONCEICAO DO CANINDE
557;CONCEICAO DO COITE
558;CONCEICAO DO JACUIPE
559;CONCEICAO DO LAGO ACU
560;CONCEICAO DO PARA
561;CONCEICAO DO TOCANTINS
562;CONCEICAO DOS OUROS
563;CONCHAL
564;CONCHAS
565;CONCORDIA
566;CONDADO
567;CONDE
568;CONFINS
569;CONGONHAS
570;CONQUISTA
571;CONSELHEIRO LAFAIETE
572;CONTAGEM
573;CONTENDA
574;CORBELIA
575;CORDEIRO
576;CORDEIROPOLIS
577;CORDILHEIRA ALTA
578;CORDISBURGO
579;COREAU
580;COREMAS
581;CORINTO
582;CORNELIO PROCOPIO
583;COROACI
584;COROATA
585;CORONEL BICACO
586;CORONEL FABRICIANO
587;CORONEL SAPUCAIA
588;CORONEL VIVIDA
589;CORRENTE
590;CORRENTINA
591;CORUMBA
592;CORUMBA DE GOIAS
593;CORUMBATAI
594;CORUMBIARA
595;CORUPA
596;CORURIPE
597;COSMOPOLIS
598;COSMORAMA
599;COSTA MARQUES
600;COTIA
601;COXIM
602;CRAIBAS
603;CRATEUS
604;CRATO
605;CRAVINHOS
606;CRICIUMA
607;CRISSIUMAL
608;CRISTAIS PAULISTA
609;CRISTALINA
610;CRISTINA
611;CRISTINO CASTRO
612;CRUZ ALTA
613;CRUZ DAS ALMAS
614;CRUZ MACHADO
615;CRUZEIRO
616;CRUZEIRO DO OESTE
617;CRUZILIA
618;CUBATAO
619;CUIABA
620;CUITE
621;CUJUBIM
622;CUMARU
623;CUNHA
624;CUNHA PORA
625;CUPIRA
626;CURIONOPOLIS
627;CURITIBA
628;CURIUVA
629;CURRAIS NOVOS
630;CURUCA
631;CURVELO
632;DAMIAO
633;DELMIRO GOUVEIA
634;DEODAPOLIS
635;DESCALVADO
636;DESCOBERTO
637;DESTERRO
638;DIADEMA
639;DIAMANTE
640;DIAMANTINA
641;DIAMANTINO
642;DIANOPOLIS
643;DIAS D AVILA
644;DIVINESIA
645;DIVINO
646;DIVINOPOLIS
647;DIVISA NOVA
648;DOBRADA
649;DOIS CORREGOS
650;DOIS IRMAOS
651;DOIS LAJEADOS
652;DOIS VIZINHOS
653;DOM AQUINO
654;DOM BASILIO
655;DOM ELISEU
656;DOM EXPEDITO LOPES
657;DOM JOAQUIM
658;DOM PEDRITO
659;DOM VICOSO
660;DOMINGOS MARTINS
661;DONA EUZEBIA
662;DORES DO RIO PRETO
663;DOURADOS
664;DOVERLANDIA
665;DRACENA
666;DUAS BARRAS
667;DUQUE DE CAXIAS
668;ECHAPORA
669;ECOPORANGA
670;EIRUNEPE
671;ELDORADO
672;ELDORADO DO SUL
673;ELDORADO DOS CARAJAS
674;ELISIARIO
675;EMBAUBA
676;EMBU DAS ARTES
677;EMBU GUACU
678;EMILIANOPOLIS
679;ENCANTADO
680;ENGENHEIRO BELTRAO
681;ENGENHEIRO CALDAS
682;ENGENHEIRO COELHO
683;ENGENHEIRO NAVARRO
684;ENTRE IJUIS
685;ENTRE RIOS
686;ENTRE RIOS DE MINAS
687;ERECHIM
688;ERICO CARDOSO
689;ERVAL VELHO
690;ERVALIA
691;ESCADA
692;ESPERANCA
693;ESPERANTINA
694;ESPERANTINOPOLIS
695;ESPIGAO ALTO DO IGUACU
696;ESPIGAO DO OESTE
697;ESPIRITO SANTO DO PINHAL
698;ESPLANADA
699;ESPUMOSO
700;ESTANCIA
701;ESTANCIA VELHA
702;ESTEIO
703;ESTREITO
704;ESTRELA
705;ESTRELA D OESTE
706;ESTRELA VELHA
707;EUCLIDES DA CUNHA
708;EUGENOPOLIS
709;EUNAPOLIS
710;EUSEBIO
711;EXTREMA
712;EXTREMOZ
713;EXU
714;FARIAS BRITO
715;FARROUPILHA
716;FARTURA
717;FATIMA
718;FAXINAL
719;FAZENDA RIO GRANDE
720;FEIRA DE SANTANA
721;FELICIO DOS SANTOS
722;FERNANDOPOLIS
723;FERNAO
724;FERRAZ DE VASCONCELOS
725;FERROS
726;FILADELFIA
727;FLORES DA CUNHA
728;FLORESTAL
729;FLORIANO
730;FLORIANOPOLIS
731;FLORIDA PAULISTA
732;FORMIGA
733;FORMOSA
734;FORMOSA DA SERRA NEGRA
735;FORMOSO
736;FORTALEZA
737;FORTALEZA DE MINAS
738;FORTIM
739;FOZ DO IGUACU
740;FRAIBURGO
741;FRANCA
742;FRANCISCO BADARO
743;FRANCISCO BELTRAO
744;FRANCISCO DUMONT
745;FRANCISCO MORATO
746;FRANCISCO SA
747;FREDERICO WESTPHALEN
748;FRONTEIRA
749;FRONTEIRAS
750;FRUTAL
751;FUNDAO
752;GABRIEL MONTEIRO
753;GANDU
754;GARANHUNS
755;GARCA
756;GARIBALDI
757;GAROPABA
758;GARUVA
759;GASPAR
760;GASTAO VIDIGAL
761;GENERAL SALGADO
762;GENTIL
763;GETULINA
764;GETULIO VARGAS
765;GLICERIO
766;GLORIA D OESTE
767;GLORIA DE DOURADOS
768;GOIANA
769;GOIANDIRA
770;GOIANESIA
771;GOIANIA
772;GOIANINHA
773;GOIANIRA
774;GOIAS
775;GOUVEIA
776;GOVERNADOR ARCHER
777;GOVERNADOR CELSO RAMOS
778;GOVERNADOR DIX SEPT ROSADO
779;GOVERNADOR JORGE TEIXEIRA
780;GOVERNADOR MANGABEIRA
781;GOVERNADOR VALADARES
782;GRAJAU
783;GRAMADO
784;GRANITO
785;GRANJA
786;GRAO PARA
787;GRAVATAI
788;GRAVATAL
789;GUACUI
790;GUAIBA
791;GUAIRA
792;GUANAMBI
793;GUANHAES
794;GUAPIACU
795;GUAPIARA
796;GUAPIMIRIM
797;GUAPORE
798;GUARA
799;GUARABIRA
800;GUARACI
801;GUARAI
802;GUARAMIRIM
803;GUARANI
804;GUARANI D OESTE
805;GUARANTA DO NORTE
806;GUARAPARI
807;GUARAPUAVA
808;GUARATINGA
809;GUARATINGUETA
810;GUARATUBA
811;GUAREI
812;GUARUJA
813;GUARUJA DO SUL
814;GUARULHOS
815;GUATAMBU
816;GUATAPARA
817;GUAXUPE
818;GUIRICEMA
819;GURUPI
820;GUZOLANDIA
821;HELIODORA
822;HELIOPOLIS
823;HERVAL
824;HERVAL D OESTE
825;HIDROLANDIA
826;HORIZONTE
827;HORIZONTINA
828;HORTOLANDIA
829;HUMAITA
830;HUMBERTO DE CAMPOS
831;IACANGA
832;IACIARA
833;IACU
834;IARAS
835;IBAITI
836;IBARETAMA
837;IBATIBA
838;IBIA
839;IBIAPINA
840;IBIPORA
841;IBIRACU
842;IBIRAIARAS
843;IBIRAJUBA
844;IBIRAMA
845;IBIRAPITANGA
846;IBIRAREMA
847;IBIRITE
848;IBIRUBA
849;IBITIARA
850;IBITINGA
851;IBITURUNA
852;IBIUNA
853;ICAPUI
854;ICARA
855;ICO
856;IEPE
857;IGACI
858;IGARACU DO TIETE
859;IGARAPAVA
860;IGARAPE
861;IGARASSU
862;IGREJINHA
863;IGUAI
864;IGUARACU
865;IGUATEMI
866;IGUATU
867;IJUI
868;ILHA COMPRIDA
869;ILHA DE ITAMARACA
870;ILHABELA
871;ILHEUS
872;ILHOTA
873;IMARUI
874;IMBAU
875;IMBE
876;IMBITUBA
877;IMBITUVA
878;IMBUIA
879;IMPERATRIZ
880;INACIOLANDIA
881;INCONFIDENTES
882;INDAIAL
883;INDAIATUBA
884;INDEPENDENCIA
885;INDIANOPOLIS
886;INDIAPORA
887;INDIAROBA
888;INHAMBUPE
889;INHAPIM
890;INHUMAS
891;INOCENCIA
892;IPAMERI
893;IPANEMA
894;IPATINGA
895;IPAUSSU
896;IPERO
897;IPIAU
898;IPIGUA
899;IPIRA
900;IPIRANGA
901;IPIRANGA DO NORTE
902;IPOJUCA
903;IPORA
904;IPORA DO OESTE
905;IPUA
906;IPUEIRAS
907;IRACEMA
908;IRACEMAPOLIS
909;IRAI DE MINAS
910;IRANI
911;IRAPUA
912;IRARA
913;IRATI
914;IRAUCUBA
915;IRECE
916;IRETAMA
917;IRINEOPOLIS
918;ITA
919;ITABAIANA
920;ITABAIANINHA
921;ITABELA
922;ITABERA
923;ITABERABA
924;ITABERAI
925;ITABIRA
926;ITABIRITO
927;ITABORAI
928;ITABUNA
929;ITACOATIARA
930;ITAGIBA
931;ITAGUAI
932;ITAGUARA
933;ITAGUARU
934;ITAI
935;ITAINOPOLIS
936;ITAIPE
937;ITAITINGA
938;ITAITUBA
939;ITAJA
940;ITAJAI
941;ITAJOBI
942;ITAJUBA
943;ITAMARANDIBA
944;ITAMARATI
945;ITAMBACURI
946;ITAMBE
947;ITAMONTE
948;ITANAGRA
949;ITANHAEM
950;ITANHEM
951;ITAOBIM
952;ITAOCA
953;ITAOCARA
954;ITAPAJE
955;ITAPEBI
956;ITAPECERICA
957;ITAPECERICA DA SERRA
958;ITAPECURU MIRIM
959;ITAPEMA
960;ITAPEMIRIM
961;ITAPERUCU
962;ITAPERUNA
963;ITAPETINGA
964;ITAPETININGA
965;ITAPEVA
966;ITAPEVI
967;ITAPICURU
968;ITAPIPOCA
969;ITAPIRA
970;ITAPIRANGA
971;ITAPISSUMA
972;ITAPIUNA
973;ITAPOA
974;ITAPOLIS
975;ITAPORA
976;ITAPORANGA
977;ITAPORANGA D AJUDA
978;ITAPOROROCA
979;ITAPUA DO OESTE
980;ITAPUI
981;ITAQUAQUECETUBA
982;ITAQUI
983;ITAQUIRAI
984;ITARANA
985;ITARANTIM
986;ITARARE
987;ITATIAIA
988;ITATIAIUCU
989;ITATIBA
990;ITATINGA
991;ITAUCU
992;ITAUNA
993;ITAVERAVA
994;ITINGA DO MARANHAO
995;ITIRAPINA
996;ITORORO
997;ITU
998;ITUBERA
999;ITUIUTABA
1000;ITUMBIARA
1001;ITUPEVA
1002;ITUPIRANGA
1003;ITUPORANGA
1004;ITURAMA
1005;ITUVERAVA
1006;IUNA
1007;IVAIPORA
1008;IVINHEMA
1009;JABOATAO DOS GUARARAPES
1010;JABOTI
1011;JABOTICABAL
1012;JABOTICATUBAS
1013;JACARACI
1014;JACAREI
1015;JACIARA
1016;JACINTO MACHADO
1017;JACOBINA
1018;JACUPIRANGA
1019;JACUTINGA
1020;JAGUAPITA
1021;JAGUAQUARA
1022;JAGUARAO
1023;JAGUARARI
1024;JAGUARI
1025;JAGUARIAIVA
1026;JAGUARIBE
1027;JAGUARIPE
1028;JAGUARIUNA
1029;JAGUARUNA
1030;JAIBA
1031;JALES
1032;JAMBEIRO
1033;JANAUBA
1034;JANDAIA DO SUL
1035;JANDIRA
1036;JANUARIA
1037;JAPARATUBA
1038;JAPERI
1039;JAPONVAR
1040;JAQUIRANA
1041;JARAGUA
1042;JARAGUA DO SUL
1043;JARAGUARI
1044;JARDIM
1045;JARDIM DO SERIDO
1046;JARDINOPOLIS
1047;JARINU
1048;JARU
1049;JATAI
1050;JATI
1051;JATOBA DO PIAUI
1052;JAU
1053;JEQUIE
1054;JEQUITINHONHA
1055;JEREMOABO
1056;JERUMENHA
1057;JESUITAS
1058;JESUPOLIS
1059;JI PARANA
1060;JIJOCA DE JERICOACOARA
1061;JOACABA
1062;JOANESIA
1063;JOANOPOLIS
1064;JOAO ALFREDO
1065;JOAO DOURADO
1066;JOAO LISBOA
1067;JOAO MONLEVADE
1068;JOAO NEIVA
1069;JOAO PESSOA
1070;JOAO PINHEIRO
1071;JOAO RAMALHO
1072;JOAQUIM FELICIO
1073;JOINVILLE
1074;JOSE BOITEUX
1075;JOVIANIA
1076;JUARA
1077;JUAZEIRO
1078;JUAZEIRO DO NORTE
1079;JUCATI
1080;JUINA
1081;JUIZ DE FORA
1082;JUNDIAI
1083;JUNQUEIRO
1084;JUNQUEIROPOLIS
1085;JUPIA
1086;JUQUIA
1087;JUQUITIBA
1088;JURANDA
1089;JURUENA
1090;JURUTI
1091;JUSSARA
1092;KALORE
1093;LABREA
1094;LAGARTO
1095;LAGES
1096;LAGO DA PEDRA
1097;LAGOA BONITA DO SUL
1098;LAGOA DA PRATA
1099;LAGOA DO CARRO
1100;LAGOA FORMOSA
1101;LAGOA GRANDE
1102;LAGOA REAL
1103;LAGOA SANTA
1104;LAGOA VERMELHA
1105;LAGOINHA
1106;LAGUNA
1107;LAJE
1108;LAJEADO
1109;LAJEDAO
1110;LAJEDO
1111;LAJES
1112;LAPA
1113;LARANJAL
1114;LARANJAL DO JARI
1115;LARANJAL PAULISTA
1116;LARANJEIRAS
1117;LARANJEIRAS DO SUL
1118;LAURO DE FREITAS
1119;LAVRAS
1120;LAVRAS DA MANGABEIRA
1121;LEANDRO FERREIRA
1122;LEBON REGIS
1123;LEME
1124;LENCOIS PAULISTA
1125;LEOPOLDINA
1126;LIMA DUARTE
1127;LIMEIRA
1128;LIMOEIRO
1129;LIMOEIRO DE ANADIA
1130;LIMOEIRO DO NORTE
1131;LINHARES
1132;LINS
1133;LIVRAMENTO DE NOSSA SENHORA
1134;LOANDA
1135;LONDRINA
1136;LONTRA
1137;LORENA
1138;LOUVEIRA
1139;LUCAS DO RIO VERDE
1140;LUCELIA
1141;LUCIANOPOLIS
1142;LUCIARA
1143;LUIS ANTONIO
1144;LUIS CORREIA
1145;LUIS EDUARDO MAGALHAES
1146;LUISBURGO
1147;LUIZIANIA
1148;LUMINARIAS
1149;LUNARDELLI
1150;LUPIONOPOLIS
1151;LUTECIA
1152;LUZERNA
1153;LUZIANIA
1154;MACAE
1155;MACAIBA
1156;MACAPA
1157;MACATUBA
1158;MACAU
1159;MACEIO
1160;MACHACALIS
1161;MACHADINHO D OESTE
1162;MACHADO
1163;MACIEIRA
1164;MADALENA
1165;MADRE DE DEUS
1166;MAFRA
1167;MAGE
1168;MAIQUINIQUE
1169;MAIRINQUE
1170;MAIRIPORA
1171;MAJOR ISIDORO
1172;MALHADA
1173;MANACAPURU
1174;MANAUS
1175;MANDAGUACU
1176;MANDAGUARI
1177;MANDIRITUBA
1178;MANFRINOPOLIS
1179;MANGA
1180;MANGARATIBA
1181;MANGUEIRINHA
1182;MANHUACU
1183;MANHUMIRIM
1184;MANOEL RIBAS
1185;MANTENA
1186;MANTENOPOLIS
1187;MARA ROSA
1188;MARABA
1189;MARABA PAULISTA
1190;MARACAI
1191;MARACANAU
1192;MARANGUAPE
1193;MARATA
1194;MARATAIZES
1195;MARAU
1196;MARAVILHA
1197;MARCELANDIA
1198;MARCELINO RAMOS
1199;MARECHAL CANDIDO RONDON
1200;MARECHAL DEODORO
1201;MARECHAL FLORIANO
1202;MAREMA
1203;MARIA DA FE
1204;MARIANA
1205;MARIBONDO
1206;MARICA
1207;MARILIA
1208;MARINGA
1209;MARIOPOLIS
1210;MARITUBA
1211;MARQUINHO
1212;MARTINOPOLE
1213;MARTINOPOLIS
1214;MASSARANDUBA
1215;MATA
1216;MATA DE SAO JOAO
1217;MATA GRANDE
1218;MATAO
1219;MATELANDIA
1220;MATEUS LEME
1221;MATIAS BARBOSA
1222;MATINHOS
1223;MATO QUEIMADO
1224;MATO VERDE
1225;MATRIZ DE CAMARAGIBE
1226;MAUA
1227;MAUA DA SERRA
1228;MAUES
1229;MAURITI
1230;MAXARANGUAPE
1231;MEDEIROS NETO
1232;MEDIANEIRA
1233;MEDICILANDIA
1234;MEDINA
1235;MENDES PIMENTEL
1236;MENDONCA
1237;MERCEDES
1238;MERCES
1239;MESOPOLIS
1240;MESQUITA
1241;MIGUEL CALMON
1242;MIGUELOPOLIS
1243;MILAGRES
1244;MILTON BRANDAO
1245;MIMOSO DO SUL
1246;MINACU
1247;MINDURI
1248;MINEIROS
1249;MIRA ESTRELA
1250;MIRABELA
1251;MIRACEMA
1252;MIRADOR
1253;MIRADOURO
1254;MIRAI
1255;MIRANDA
1256;MIRANDA DO NORTE
1257;MIRANDOPOLIS
1258;MIRANTE DO PARANAPANEMA
1259;MIRASSOL
1260;MIRASSOL D OESTE
1261;MIRASSOLANDIA
1262;MOCAJUBA
1263;MOCOCA
1264;MOEDA
1265;MOGI DAS CRUZES
1266;MOGI GUACU
1267;MOGI MIRIM
1268;MOITA BONITA
1269;MOMBACA
1270;MOMBUCA
1271;MONCOES
1272;MONGAGUA
1273;MONSENHOR GIL
1274;MONSENHOR PAULO
1275;MONTANHA
1276;MONTE ALEGRE
1277;MONTE ALEGRE DE GOIAS
1278;MONTE ALEGRE DE MINAS
1279;MONTE ALEGRE DE SERGIPE
1280;MONTE ALTO
1281;MONTE APRAZIVEL
1282;MONTE AZUL PAULISTA
1283;MONTE CARMELO
1284;MONTE CASTELO
1285;MONTE FORMOSO
1286;MONTE MOR
1287;MONTE NEGRO
1288;MONTE SANTO
1289;MONTE SANTO DE MINAS
1290;MONTEIRO
1291;MONTEIRO LOBATO
1292;MONTENEGRO
1293;MONTES ALTOS
1294;MONTES CLAROS
1295;MONTIVIDIU
1296;MORADA NOVA
1297;MORADA NOVA DE MINAS
1298;MOREIRA SALES
1299;MORENO
1300;MORRETES
1301;MORRINHOS
1302;MORRINHOS DO SUL
1303;MORRO DA FUMACA
1304;MORRO REUTER
1305;MORUNGABA
1306;MOSSORO
1307;MOTUCA
1308;MUANA
1309;MUCAJAI
1310;MUCUM
1311;MUCURI
1312;MUCURICI
1313;MULUNGU
1314;MUNDO NOVO
1315;MUNIZ FREIRE
1316;MURIAE
1317;MURUTINGA DO SUL
1318;MUZAMBINHO
1319;NANTES
1320;NANUQUE
1321;NARANDIBA
1322;NATAL
1323;NATIVIDADE DA SERRA
1324;NAVEGANTES
1325;NAVIRAI
1326;NAZARE
1327;NAZARE DA MATA
1328;NAZARE DO PIAUI
1329;NAZARE PAULISTA
1330;NEOPOLIS
1331;NEROPOLIS
1332;NEVES PAULISTA
1333;NHANDEARA
1334;NICOLAU VERGUEIRO
1335;NILOPOLIS
1336;NIQUELANDIA
1337;NITEROI
1338;NONOAI
1339;NOSSA SENHORA DE LOURDES
1340;NOSSA SENHORA DO SOCORRO
1341;NOVA ALIANCA
1342;NOVA ANDRADINA
1343;NOVA BASSANO
1344;NOVA BRASILANDIA D OESTE
1345;NOVA BRESCIA
1346;NOVA CANAA
1347;NOVA CANAA PAULISTA
1348;NOVA CRIXAS
1349;NOVA CRUZ
1350;NOVA ERA
1351;NOVA ERECHIM
1352;NOVA ESPERANCA
1353;NOVA ESPERANCA DO SUDOESTE
1354;NOVA FRIBURGO
1355;NOVA GRANADA
1356;NOVA HARTZ
1357;NOVA IGUACU
1358;NOVA IPIXUNA
1359;NOVA ITARANA
1360;NOVA LARANJEIRAS
1361;NOVA LIMA
1362;NOVA ODESSA
1363;NOVA OLIMPIA
1364;NOVA OLINDA
1365;NOVA PALMEIRA
1366;NOVA PETROPOLIS
1367;NOVA PRATA
1368;NOVA PRATA DO IGUACU
1369;NOVA RESENDE
1370;NOVA ROMA DO SUL
1371;NOVA RUSSAS
1372;NOVA SANTA RITA
1373;NOVA TIMBOTEUA
1374;NOVA VENECIA
1375;NOVA VICOSA
1376;NOVA XAVANTINA
1377;NOVAIS
1378;NOVO ACORDO
1379;NOVO BARREIRO
1380;NOVO GAMA
1381;NOVO HAMBURGO
1382;NOVO HORIZONTE
1383;NOVO JARDIM
1384;NOVO ORIENTE
1385;NOVO REPARTIMENTO
1386;NUPORANGA
1387;OCAUCU
1388;OEIRAS
1389;OEIRAS DO PARA
1390;OIAPOQUE
1391;OLHOS D AGUA
1392;OLIMPIA
1393;OLIMPIO NORONHA
1394;OLINDA
1395;OLINDINA
1396;OLIVEIRA
1397;OLIVEIRA DOS BREJINHOS
1398;ONDA VERDE
1399;ORIXIMINA
1400;ORIZONA
1401;ORLANDIA
1402;ORLEANS
1403;OROS
1404;ORTIGUEIRA
1405;OSASCO
1406;OSORIO
1407;OSVALDO CRUZ
1408;OTACILIO COSTA
1409;OURILANDIA DO NORTE
1410;OURINHOS
1411;OURO
1412;OURO BRANCO
1413;OURO FINO
1414;OURO PRETO
1415;OURO PRETO DO OESTE
1416;OURO VERDE DO OESTE
1417;PACAEMBU
1418;PACAJUS
1419;PACARAIMA
1420;PACATUBA
1421;PACO DO LUMIAR
1422;PADRE BERNARDO
1423;PADRE PARAISO
1424;PAES LANDIM
1425;PAICANDU
1426;PAINS
1427;PALHOCA
1428;PALMA
1429;PALMA SOLA
1430;PALMARES
1431;PALMARES DO SUL
1432;PALMARES PAULISTA
1433;PALMAS
1434;PALMAS DE MONTE ALTO
1435;PALMEIRA
1436;PALMEIRA D OESTE
1437;PALMEIRA DAS MISSOES
1438;PALMEIRA DOS INDIOS
1439;PALMEIRANDIA
1440;PALMEIROPOLIS
1441;PALMITAL
1442;PALOTINA
1443;PANAMBI
1444;PANCAS
1445;PANORAMA
1446;PANTANO GRANDE
1447;PARA DE MINAS
1448;PARACATU
1449;PARAGOMINAS
1450;PARAGUACU
1451;PARAGUACU PAULISTA
1452;PARAIBUNA
1453;PARAIPABA
1454;PARAISO
1455;PARAISO DO NORTE
1456;PARAISO DO TOCANTINS
1457;PARAISOPOLIS
1458;PARANAGUA
1459;PARANAIBA
1460;PARANAPANEMA
1461;PARANAPOEMA
1462;PARANATINGA
1463;PARANAVAI
1464;PARAOPEBA
1465;PARAUAPEBAS
1466;PARAUNA
1467;PARINTINS
1468;PARIQUERA ACU
1469;PARISI
1470;PARNAIBA
1471;PARNAMIRIM
1472;PAROBE
1473;PASSA QUATRO
1474;PASSABEM
1475;PASSO FUNDO
1476;PASSOS
1477;PASSOS MAIA
1478;PATO BRAGADO
1479;PATO BRANCO
1480;PATOS
1481;PATOS DE MINAS
1482;PATROCINIO
1483;PATROCINIO DO MURIAE
1484;PATROCINIO PAULISTA
1485;PATU
1486;PATY DO ALFERES
1487;PAU DOS FERROS
1488;PAUINI
1489;PAULA CANDIDO
1490;PAULINIA
1491;PAULISTA
1492;PAULISTANA
1493;PAULO AFONSO
1494;PAULO DE FARIA
1495;PAULO LOPES
1496;PE DE SERRA
1497;PECANHA
1498;PEDERNEIRAS
1499;PEDRA
1500;PEDRA AZUL
1501;PEDRA BELA
1502;PEDRA BRANCA
1503;PEDRA BRANCA DO AMAPARI
1504;PEDRA GRANDE
1505;PEDRA PRETA
1506;PEDRANOPOLIS
1507;PEDRAS DE MARIA DA CRUZ
1508;PEDRAS GRANDES
1509;PEDREGULHO
1510;PEDREIRA
1511;PEDRINHAS PAULISTA
1512;PEDRO AFONSO
1513;PEDRO CANARIO
1514;PEDRO DE TOLEDO
1515;PEDRO GOMES
1516;PEDRO LAURENTINO
1517;PEDRO LEOPOLDO
1518;PEJUCARA
1519;PELOTAS
1520;PENAPOLIS
1521;PENDENCIAS
1522;PENEDO
1523;PENHA
1524;PENTECOSTE
1525;PERDIGAO
1526;PEREIRA BARRETO
1527;PERUIBE
1528;PESQUEIRA
1529;PETROLANDIA
1530;PETROLINA
1531;PETROPOLIS
1532;PIACATU
1533;PICOS
1534;PIEDADE
1535;PIEDADE DE PONTE NOVA
1536;PIEDADE DO RIO GRANDE
1537;PIEN
1538;PILAR
1539;PIMENTA BUENO
1540;PIMENTEIRAS
1541;PIMENTEIRAS DO OESTE
1542;PINDAI
1543;PINDAMONHANGABA
1544;PINDARE MIRIM
1545;PINDORAMA
1546;PINHAIS
1547;PINHAL DA SERRA
1548;PINHALAO
1549;PINHALZINHO
1550;PINHAO
1551;PINHEIRAL
1552;PINHEIRO
1553;PINHEIRO MACHADO
1554;PINHEIROS
1555;PIO IX
1556;PIQUETE
1557;PIRACANJUBA
1558;PIRACICABA
1559;PIRACURUCA
1560;PIRAI DO SUL
1561;PIRAJU
1562;PIRAJUI
1563;PIRAMBU
1564;PIRANGI
1565;PIRANGUCU
1566;PIRANGUINHO
1567;PIRANHAS
1568;PIRAPEMAS
1569;PIRAPETINGA
1570;PIRAPORA
1571;PIRAPORA DO BOM JESUS
1572;PIRAQUARA
1573;PIRASSUNUNGA
1574;PIRATINI
1575;PIRATININGA
1576;PIRES DO RIO
1577;PITANGA
1578;PITANGUEIRAS
1579;PITANGUI
1580;PITIMBU
1581;PIUMA
1582;PIUMHI
1583;PLACAS
1584;PLANALTINA
1585;PLANALTO
1586;PLANURA
1587;PLATINA
1588;POA
1589;POCO FUNDO
1590;POCO REDONDO
1591;POCOES
1592;POCOS DE CALDAS
1593;POJUCA
1594;POLONI
1595;POMBOS
1596;POMERODE
1597;POMPEU
1598;PONTA DE PEDRAS
1599;PONTA GROSSA
1600;PONTA PORA
1601;PONTAL
1602;PONTAL DO PARANA
1603;PONTALINA
1604;PONTALINDA
1605;PONTE ALTA
1606;PONTE NOVA
1607;PONTE SERRADA
1608;PONTES E LACERDA
1609;PONTES GESTAL
1610;PONTO BELO
1611;POPULINA
1612;PORANGATU
1613;PORECATU
1614;PORTEIRAO
1615;PORTEIRINHA
1616;PORTEL
1617;PORTO ALEGRE
1618;PORTO ALEGRE DO NORTE
1619;PORTO BELO
1620;PORTO DA FOLHA
1621;PORTO DE MOZ
1622;PORTO FELIZ
1623;PORTO FERREIRA
1624;PORTO FIRME
1625;PORTO GRANDE
1626;PORTO MAUA
1627;PORTO MURTINHO
1628;PORTO NACIONAL
1629;PORTO SEGURO
1630;PORTO UNIAO
1631;PORTO VELHO
1632;PORTO XAVIER
1633;POTIRAGUA
1634;POTIRENDABA
1635;POUSO ALEGRE
1636;POXOREU
1637;PRADO
1638;PRAIA GRANDE
1639;PRESIDENTE BERNARDES
1640;PRESIDENTE CASTELO BRANCO
1641;PRESIDENTE DUTRA
1642;PRESIDENTE EPITACIO
1643;PRESIDENTE FIGUEIREDO
1644;PRESIDENTE GETULIO
1645;PRESIDENTE KENNEDY
1646;PRESIDENTE LUCENA
1647;PRESIDENTE MEDICI
1648;PRESIDENTE OLEGARIO
1649;PRESIDENTE PRUDENTE
1650;PRESIDENTE TANCREDO NEVES
1651;PRESIDENTE VARGAS
1652;PRESIDENTE VENCESLAU
1653;PRIMAVERA DO LESTE
1654;PRINCESA ISABEL
1655;PROMISSAO
1656;PROPRIA
1657;PRUDENTE DE MORAIS
1658;QUARAI
1659;QUATA
1660;QUEDAS DO IGUACU
1661;QUEIMADAS
1662;QUELUZ
1663;QUERENCIA
1664;QUILOMBO
1665;QUIPAPA
1666;QUIRINOPOLIS
1667;QUISSAMA
1668;QUITANDINHA
1669;QUIXABA
1670;QUIXELO
1671;RAFARD
1672;RANCHARIA
1673;RAPOSOS
1674;RAUL SOARES
1675;REALEZA
1676;REBOUCAS
1677;RECIFE
1678;RECURSOLANDIA
1679;REDENCAO
1680;REDENCAO DA SERRA
1681;REDENTORA
1682;REGENTE FEIJO
1683;REGISTRO
1684;REMANSO
1685;RENASCENCA
1686;RESENDE
1687;RESENDE COSTA
1688;RESERVA DO IGUACU
1689;RESPLENDOR
1690;RESTINGA
1691;RIACHAO DAS NEVES
1692;RIACHAO DO BACAMARTE
1693;RIACHINHO
1694;RIACHO DAS ALMAS
1695;RIACHO DE SANTANA
1696;RIACHO DE SANTO ANTONIO
1697;RIBAS DO RIO PARDO
1698;RIBEIRA
1699;RIBEIRA DO POMBAL
1700;RIBEIRAO BONITO
1701;RIBEIRAO BRANCO
1702;RIBEIRAO CASCALHEIRA
1703;RIBEIRAO CLARO
1704;RIBEIRAO DAS NEVES
1705;RIBEIRAO DO PINHAL
1706;RIBEIRAO DO SUL
1707;RIBEIRAO DOS INDIOS
1708;RIBEIRAO GRANDE
1709;RIBEIRAO PIRES
1710;RIBEIRAO PRETO
1711;RIBEIRO GONCALVES
1712;RIFAINA
1713;RINOPOLIS
1714;RIO ACIMA
1715;RIO BANANAL
1716;RIO BONITO DO IGUACU
1717;RIO BRANCO
1718;RIO BRANCO DO SUL
1719;RIO BRILHANTE
1720;RIO CASCA
1721;RIO CLARO
1722;RIO DAS ANTAS
1723;RIO DAS PEDRAS
1724;RIO DE JANEIRO
1725;RIO DO ANTONIO
1726;RIO DO PRADO
1727;RIO DO SUL
1728;RIO GRANDE
1729;RIO LARGO
1730;RIO NEGRINHO
1731;RIO NEGRO
1732;RIO NOVO
1733;RIO PARANAIBA
1734;RIO PARDO
1735;RIO PARDO DE MINAS
1736;RIO PIRACICABA
1737;RIO TINTO
1738;RIO VERDE
1739;RIOLANDIA
1740;RIVERSUL
1741;RODEIO
1742;ROLANDIA
1743;ROLANTE
1744;ROLIM DE MOURA
1745;RONCADOR
1746;RONDONOPOLIS
1747;ROQUE GONZALES
1748;ROSARIO
1749;ROSARIO DO CATETE
1750;ROSARIO DO IVAI
1751;ROSARIO DO SUL
1752;RUBIACEA
1753;RUBIATABA
1754;RUBINEIA
1755;RUSSAS
1756;RUY BARBOSA
1757;SABARA
1758;SABAUDIA
1759;SABOEIRO
1760;SACRAMENTO
1761;SALESOPOLIS
1762;SALETE
1763;SALGUEIRO
1764;SALINAS
1765;SALINOPOLIS
1766;SALTINHO
1767;SALTO
1768;SALTO DE PIRAPORA
1769;SALTO DO LONTRA
1770;SALTO VELOSO
1771;SALVADOR
1772;SANCLERLANDIA
1773;SANDOLANDIA
1774;SANDOVALINA
1775;SANGAO
1776;SANTA ADELIA
1777;SANTA ALBERTINA
1778;SANTA BARBARA
1779;SANTA BARBARA D OESTE
1780;SANTA BARBARA DE GOIAS
1781;SANTA CRUZ
1782;SANTA CRUZ CABRALIA
1783;SANTA CRUZ DE MONTE CASTELO
1784;SANTA CRUZ DE SALINAS
1785;SANTA CRUZ DO CAPIBARIBE
1786;SANTA CRUZ DO ESCALVADO
1787;SANTA CRUZ DO PIAUI
1788;SANTA CRUZ DO RIO PARDO
1789;SANTA CRUZ DO SUL
1790;SANTA EFIGENIA DE MINAS
1791;SANTA ERNESTINA
1792;SANTA FE
1793;SANTA FE DO ARAGUAIA
1794;SANTA FE DO SUL
1795;SANTA HELENA
1796;SANTA HELENA DE GOIAS
1797;SANTA HELENA DE MINAS
1798;SANTA INES
1799;SANTA ISABEL
1800;SANTA ISABEL DO IVAI
1801;SANTA ISABEL DO PARA
1802;SANTA LUZIA
1803;SANTA LUZIA DO PARUA
1804;SANTA MARIA
1805;SANTA MARIA DA BOA VISTA
1806;SANTA MARIA DA SERRA
1807;SANTA MARIA DA VITORIA
1808;SANTA MARIA DE JETIBA
1809;SANTA MARIA DO SALTO
1810;SANTA QUITERIA
1811;SANTA RITA
1812;SANTA RITA D OESTE
1813;SANTA RITA DE CALDAS
1814;SANTA RITA DE CASSIA
1815;SANTA RITA DO ARAGUAIA
1816;SANTA RITA DO SAPUCAI
1817;SANTA ROSA
1818;SANTA ROSA DE GOIAS
1819;SANTA ROSA DE VITERBO
1820;SANTA ROSA DO PIAUI
1821;SANTA ROSA DO SUL
1822;SANTA TERESA
1823;SANTA TEREZA DE GOIAS
1824;SANTA TEREZA DO TOCANTINS
1825;SANTA TEREZINHA DE ITAIPU
1826;SANTA TEREZINHA DO PROGRESSO
1827;SANTA VITORIA
1828;SANTA VITORIA DO PALMAR
1829;SANTANA
1830;SANTANA DA BOA VISTA
1831;SANTANA DA VARGEM
1832;SANTANA DE PARNAIBA
1833;SANTANA DE PIRAPAMA
1834;SANTANA DO ARAGUAIA
1835;SANTANA DO CARIRI
1836;SANTANA DO IPANEMA
1837;SANTANA DO ITARARE
1838;SANTANA DO LIVRAMENTO
1839;SANTANA DO MATOS
1840;SANTANA DO PARAISO
1841;SANTAREM
1842;SANTAREM NOVO
1843;SANTIAGO
1844;SANTO AMARO
1845;SANTO AMARO DA IMPERATRIZ
1846;SANTO ANASTACIO
1847;SANTO ANDRE
1848;SANTO ANGELO
1849;SANTO ANTONIO
1850;SANTO ANTONIO DA ALEGRIA
1851;SANTO ANTONIO DA PATRULHA
1852;SANTO ANTONIO DA PLATINA
1853;SANTO ANTONIO DAS MISSOES
1854;SANTO ANTONIO DE JESUS
1855;SANTO ANTONIO DE PADUA
1856;SANTO ANTONIO DE POSSE
1857;SANTO ANTONIO DO ARACANGUA
1858;SANTO ANTONIO DO ICA
1859;SANTO ANTONIO DO JARDIM
1860;SANTO ANTONIO DO MONTE
1861;SANTO ANTONIO DO PARAISO
1862;SANTO ANTONIO DO PINHAL
1863;SANTO ANTONIO DO RIO ABAIXO
1864;SANTO ANTONIO DO SUDOESTE
1865;SANTO ANTONIO DOS LOPES
1866;SANTO AUGUSTO
1867;SANTOPOLIS DO AGUAPEI
1868;SANTOS
1869;SANTOS DUMONT
1870;SAO BENEDITO
1871;SAO BENEDITO DO RIO PRETO
1872;SAO BENTO
1873;SAO BENTO DO SAPUCAI
1874;SAO BENTO DO SUL
1875;SAO BENTO DO UNA
1876;SAO BERNARDO DO CAMPO
1877;SAO BORJA
1878;SAO CAETANO DE ODIVELAS
1879;SAO CAETANO DO SUL
1880;SAO CAITANO
1881;SAO CARLOS
1882;SAO CRISTOVAO DO SUL
1883;SAO DOMINGOS
1884;SAO DOMINGOS DE POMBAL
1885;SAO DOMINGOS DO MARANHAO
1886;SAO DOMINGOS DO PRATA
1887;SAO FELIX DO ARAGUAIA
1888;SAO FELIX DO CORIBE
1889;SAO FERNANDO
1890;SAO FIDELIS
1891;SAO FRANCISCO
1892;SAO FRANCISCO DE ASSIS
1893;SAO FRANCISCO DE ITABAPOANA
1894;SAO FRANCISCO DE PAULA
1895;SAO FRANCISCO DO CONDE
1896;SAO FRANCISCO DO SUL
1897;SAO GABRIEL
1898;SAO GABRIEL DA CACHOEIRA
1899;SAO GABRIEL DA PALHA
1900;SAO GABRIEL DO OESTE
1901;SAO GONCALO
1902;SAO GONCALO DO AMARANTE
1903;SAO GONCALO DO SAPUCAI
1904;SAO JERONIMO
1905;SAO JOAO
1906;SAO JOAO BATISTA
1907;SAO JOAO DA BALIZA
1908;SAO JOAO DA BARRA
1909;SAO JOAO DA BOA VISTA
1910;SAO JOAO DA URTIGA
1911;SAO JOAO DE MERITI
1912;SAO JOAO DEL REI
1913;SAO JOAO DO IVAI
1914;SAO JOAO DO SABUGI
1915;SAO JOAO DO SUL
1916;SAO JOAO EVANGELISTA
1917;SAO JOAO NEPOMUCENO
1918;SAO JOAQUIM
1919;SAO JOAQUIM DA BARRA
1920;SAO JORGE D OESTE
1921;SAO JORGE DO PATROCINIO
1922;SAO JOSE
1923;SAO JOSE DA BARRA
1924;SAO JOSE DA COROA GRANDE
1925;SAO JOSE DA LAGOA TAPADA
1926;SAO JOSE DA LAPA
1927;SAO JOSE DA TAPERA
1928;SAO JOSE DAS PALMEIRAS
1929;SAO JOSE DE CAIANA
1930;SAO JOSE DE MIPIBU
1931;SAO JOSE DE RIBAMAR
1932;SAO JOSE DE UBA
1933;SAO JOSE DO ALEGRE
1934;SAO JOSE DO CEDRO
1935;SAO JOSE DO HORTENCIO
1936;SAO JOSE DO NORTE
1937;SAO JOSE DO RIO PARDO
1938;SAO JOSE DO RIO PRETO
1939;SAO JOSE DOS AUSENTES
1940;SAO JOSE DOS CAMPOS
1941;SAO JOSE DOS PINHAIS
1942;SAO JOSE DOS QUATRO MARCOS
1943;SAO JULIAO
1944;SAO LEOPOLDO
1945;SAO LOURENCO
1946;SAO LOURENCO DA MATA
1947;SAO LOURENCO DA SERRA
1948;SAO LOURENCO DO OESTE
1949;SAO LOURENCO DO SUL
1950;SAO LUDGERO
1951;SAO LUIS
1952;SAO LUIS DE MONTES BELOS
1953;SAO LUIS DO QUITUNDE
1954;SAO LUIS GONZAGA DO MARANHAO
1955;SAO LUIZ DO PARAITINGA
1956;SAO LUIZ GONZAGA
1957;SAO MANUEL
1958;SAO MARCOS
1959;SAO MATEUS
1960;SAO MATEUS DO SUL
1961;SAO MIGUEL ARCANJO
1962;SAO MIGUEL DO ARAGUAIA
1963;SAO MIGUEL DO OESTE
1964;SAO MIGUEL DOS CAMPOS
1965;SAO PAULO
1966;SAO PAULO DE OLIVENCA
1967;SAO PEDRO
1968;SAO PEDRO DA ALDEIA
1969;SAO PEDRO DA SERRA
1970;SAO PEDRO DO IVAI
1971;SAO PEDRO DO PARANA
1972;SAO PEDRO DO TURVO
1973;SAO PEDRO DOS FERROS
1974;SAO RAIMUNDO DAS MANGABEIRAS
1975;SAO RAIMUNDO NONATO
1976;SAO ROQUE
1977;SAO ROQUE DO CANAA
1978;SAO SEBASTIAO
1979;SAO SEBASTIAO DO CAI
1980;SAO SEBASTIAO DO PARAISO
1981;SAO SEBASTIAO DO PASSE
1982;SAO SEBASTIAO DO UATUMA
1983;SAO SIMAO
1984;SAO THOME DAS LETRAS
1985;SAO TIAGO
1986;SAO VALENTIM
1987;SAO VICENTE
1988;SAO VICENTE FERRER
1989;SAPEZAL
1990;SAPIRANGA
1991;SAPOPEMA
1992;SAPUCAIA
1993;SAPUCAIA DO SUL
1994;SAQUAREMA
1995;SARANDI
1996;SARUTAIA
1997;SATIRO DIAS
1998;SATUBA
1999;SCHROEDER
2000;SEABRA
2001;SEBASTIAO LEAL
2002;SELBACH
2003;SELVIRIA
2004;SEM INFORMACAO
2005;SENA MADUREIRA
2006;SENADOR CANEDO
2007;SENADOR FIRMINO
2008;SENADOR GUIOMARD
2009;SENADOR LA ROQUE
2010;SENADOR POMPEU
2011;SENHOR DO BONFIM
2012;SERIDO
2013;SERRA
2014;SERRA ALTA
2015;SERRA AZUL
2016;SERRA DO SALITRE
2017;SERRA NEGRA
2018;SERRA NEGRA DO NORTE
2019;SERRA REDONDA
2020;SERRA TALHADA
2021;SERRANA
2022;SERRANO DO MARANHAO
2023;SERRANOPOLIS
2024;SERRINHA
2025;SERRO
2026;SERROLANDIA
2027;SERTANIA
2028;SERTANOPOLIS
2029;SERTAO
2030;SERTAO SANTANA
2031;SERTAOZINHO
2032;SETE BARRAS
2033;SETE LAGOAS
2034;SILVANIA
2035;SILVEIRA MARTINS
2036;SIMAO DIAS
2037;SIMOES
2038;SIMOES FILHO
2039;SIMONESIA
2040;SIMPLICIO MENDES
2041;SINOP
2042;SIQUEIRA CAMPOS
2043;SITIO NOVO DO TOCANTINS
2044;SOBRADINHO
2045;SOBRAL
2046;SOBRALIA
2047;SOCORRO
2048;SOLEDADE
2049;SOMBRIO
2050;SOROCABA
2051;SORRISO
2052;SOUSA
2053;SUCUPIRA
2054;SUD MENNUCCI
2055;SUMARE
2056;SUME
2057;SUSSUAPARA
2058;SUZANAPOLIS
2059;SUZANO
2060;TABAI
2061;TABAPUA
2062;TABATINGA
2063;TABIRA
2064;TABOAO DA SERRA
2065;TABULEIRO DO NORTE
2066;TAGUAI
2067;TAGUATINGA
2068;TAILANDIA
2069;TAIOBEIRAS
2070;TAMARANA
2071;TAMBORIL
2072;TAMBORIL DO PIAUI
2073;TANABI
2074;TANGARA
2075;TANGARA DA SERRA
2076;TANQUE NOVO
2077;TAPEJARA
2078;TAPEROA
2079;TAPES
2080;TAPIRA
2081;TAPIRAI
2082;TAPIRAMUTA
2083;TAQUARA
2084;TAQUARI
2085;TAQUARITINGA
2086;TAQUARITINGA DO NORTE
2087;TAQUARITUBA
2088;TARABAI
2089;TARUMA
2090;TASSO FRAGOSO
2091;TATUI
2092;TAUA
2093;TAUBATE
2094;TEFE
2095;TEIXEIRA DE FREITAS
2096;TELEMACO BORBA
2097;TENENTE LAURENTINO CRUZ
2098;TENENTE PORTELA
2099;TEODORO SAMPAIO
2100;TEOFILO OTONI
2101;TEOLANDIA
2102;TERESINA
2103;TERESOPOLIS
2104;TERRA BOA
2105;TERRA NOVA
2106;TERRA RICA
2107;TEUTONIA
2108;TIANGUA
2109;TIETE
2110;TIJUCAS
2111;TIJUCAS DO SUL
2112;TIMBAUBA
2113;TIMBE DO SUL
2114;TIMBO
2115;TIMBURI
2116;TIMOTEO
2117;TIRADENTES
2118;TIROS
2119;TOCANTINOPOLIS
2120;TOCANTINS
2121;TOCOS DO MOJI
2122;TOLEDO
2123;TOMBOS
2124;TOME ACU
2125;TORRES
2126;TORRINHA
2127;TOUROS
2128;TRACUNHAEM
2129;TRAIPU
2130;TRAIRI
2131;TRAJANO DE MORAIS
2132;TRAMANDAI
2133;TREMEMBE
2134;TRES CORACOES
2135;TRES COROAS
2136;TRES DE MAIO
2137;TRES LAGOAS
2138;TRES PALMEIRAS
2139;TRES PASSOS
2140;TRES PONTAS
2141;TRES RIOS
2142;TRINDADE
2143;TRIUNFO
2144;TROMBUDO CENTRAL
2145;TUBARAO
2146;TUCANO
2147;TUCURUI
2148;TUNAS DO PARANA
2149;TUPA
2150;TUPACIGUARA
2151;TUPARENDI
2152;TUPARETAMA
2153;TUPI PAULISTA
2154;TURIACU
2155;TURIUBA
2156;TURMALINA
2157;TURVANIA
2158;TURVO
2159;TUTOIA
2160;UAUA
2161;UBA
2162;UBAITABA
2163;UBAJARA
2164;UBATA
2165;UBATUBA
2166;UBERABA
2167;UBERLANDIA
2168;UBIRAJARA
2169;UBIRETAMA
2170;UIRAPURU
2171;UMARI
2172;UMBAUBA
2173;UMIRIM
2174;UMUARAMA
2175;UNAI
2176;UNIAO DA VITORIA
2177;UNIAO DO SUL
2178;UNIAO DOS PALMARES
2179;URANIA
2180;URBANO SANTOS
2181;URUACU
2182;URUANA
2183;URUBURETAMA
2184;URUCUI
2185;URUGUAIANA
2186;UTINGA
2187;VACARIA
2188;VALE REAL
2189;VALENCA
2190;VALINHOS
2191;VALPARAISO
2192;VALPARAISO DE GOIAS
2193;VARGEM
2194;VARGEM ALTA
2195;VARGEM BONITA
2196;VARGEM GRANDE
2197;VARGEM GRANDE DO SUL
2198;VARGEM GRANDE PAULISTA
2199;VARGINHA
2200;VARJOTA
2201;VARZEA DA PALMA
2202;VARZEA GRANDE
2203;VARZEA PAULISTA
2204;VARZELANDIA
2205;VASSOURAS
2206;VAZANTE
2207;VENANCIO AIRES
2208;VENDA NOVA DO IMIGRANTE
2209;VENHA VER
2210;VENTANIA
2211;VERA CRUZ
2212;VERA CRUZ DO OESTE
2213;VERANOPOLIS
2214;VERE
2215;VESPASIANO
2216;VIAMAO
2217;VIANA
2218;VIANOPOLIS
2219;VICENTINOPOLIS
2220;VICOSA
2221;VIDEIRA
2222;VIGIA
2223;VILA FLOR
2224;VILA FLORES
2225;VILA NOVA DO PIAUI
2226;VILA NOVA DOS MARTIRIOS
2227;VILA PAVAO
2228;VILA RICA
2229;VILA VALERIO
2230;VILA VELHA
2231;VILHENA
2232;VINHEDO
2233;VIRADOURO
2234;VIRGINIA
2235;VISCONDE DO RIO BRANCO
2236;VISEU
2237;VITORIA
2238;VITORIA DA CONQUISTA
2239;VITORIA DAS MISSOES
2240;VITORIA DE SANTO ANTAO
2241;VITORIA DO JARI
2242;VITORINO
2243;VITORINO FREIRE
2244;VOLTA REDONDA
2245;VOTORANTIM
2246;VOTUPORANGA
2247;WANDERLANDIA
2248;WENCESLAU BRAZ
2249;XANGRI LA
2250;XANXERE
2251;XAPURI
2252;XAVANTINA
2253;XAXIM
2254;XEXEU
2255;XINGUARA
2256;XIQUE XIQUE
2257;ZE DOCA
