id_cnae_principal;desc_cnae_principal
1;ABATE DE AVES
2;ACABAMENTO DE CALCADOS DE COURO SOB CONTRATO
3;ADMINISTRACAO DE CAIXAS ESCOLARES
4;ADMINISTRACAO DE CARTOES DE CREDITO
5;ADMINISTRACAO DE OBRAS
6;ADMINISTRACAO PUBLICA EM GERAL
7;AGENCIAMENTO DE CARGAS, EXCETO PARA O TRANSPORTE MARITIMO
8;AGENCIAMENTO DE ESPACOS PARA PUBLICIDADE, EXCETO EM VEICULOS DE COMUNICACAO
9;AGENCIAMENTO DE PROFISSIONAIS PARA ATIVIDADES ESPORTIVAS, CULTURAIS E ARTISTICAS
10;AGENCIAS DE NOTICIAS
11;AGENCIAS DE PUBLICIDADE
12;AGENCIAS DE VIAGENS
13;AGENCIAS MATRIMONIAIS
14;AGENTE DE PROPRIEDADE INDUSTRIAL
15;AGENTES DE INVESTIMENTOS EM APLICACOES FINANCEIRAS
16;ALBERGUES ASSISTENCIAIS
17;ALBERGUES, EXCETO ASSISTENCIAIS
18;ALUGUEL DE ANDAIMES
19;ALUGUEL DE APARELHOS DE JOGOS ELETRONICOS
20;ALUGUEL DE EQUIPAMENTOS CIENTIFICOS, MEDICOS E HOSPITALARES, SEM OPERADOR
21;ALUGUEL DE EQUIPAMENTOS RECREATIVOS E ESPORTIVOS
22;ALUGUEL DE FITAS DE VIDEO, DVDS E SIMILARES
23;ALUGUEL DE IMOVEIS PROPRIOS
24;ALUGUEL DE MAQUINAS E EQUIPAMENTOS AGRICOLAS SEM OPERADOR
25;ALUGUEL DE MAQUINAS E EQUIPAMENTOS PARA CONSTRUCAO SEM OPERADOR, EXCETO ANDAIMES
26;ALUGUEL DE MAQUINAS E EQUIPAMENTOS PARA ESCRITORIOS
27;ALUGUEL DE MATERIAL MEDICO
28;ALUGUEL DE MOVEIS, UTENSILIOS E APARELHOS DE USO DOMESTICO E PESSOAL, INSTRUMENTOS MUSICAIS
29;ALUGUEL DE OBJETOS DO VESTUARIO, JOIAS E ACESSORIOS
30;ALUGUEL DE OUTRAS MAQUINAS E EQUIPAMENTOS COMERCIAIS E INDUSTRIAIS NAO ESPECIFICADOS ANTERIORMENTE, SEM OPERADOR
31;ALUGUEL DE OUTROS OBJETOS PESSOAIS E DOMESTICOS NAO ESPECIFICADOS ANTERIORMENTE
32;ALUGUEL DE PALCOS, COBERTURAS E OUTRAS ESTRUTURAS DE USO TEMPORARIO, EXCETO ANDAIMES
33;APARELHAMENTO DE PEDRAS PARA CONSTRUCAO, EXCETO ASSOCIADO A EXTRACAO
34;APARELHAMENTO DE PLACAS E EXECUCAO DE TRABALHOS EM MARMORE, GRANITO, ARDOSIA E OUTRAS PEDRAS
35;APARTHOTEIS
36;APICULTURA
37;APLICACAO DE REVESTIMENTOS E DE RESINAS EM INTERIORES E EXTERIORES
38;ARMAZENS GERAIS  EMISSAO DE WARRANT
39;ARTES CENICAS, ESPETACULOS E ATIVIDADES COMPLEMENTARES NAO ESPECIFICADAS ANTERIORMENTE
40;ATIVIDADE MEDICA AMBULATORIAL COM RECURSOS PARA REALIZACAO DE EXAMES COMPLEMENTARES
41;ATIVIDADE MEDICA AMBULATORIAL COM RECURSOS PARA REALIZACAO DE PROCEDIMENTOS CIRURGICOS
42;ATIVIDADE MEDICA AMBULATORIAL RESTRITA A CONSULTAS
43;ATIVIDADE ODONTOLOGICA
44;ATIVIDADES ASSOCIATIVAS NAO ESPECIFICADAS ANTERIORMENTE
45;ATIVIDADES AUXILIARES DA JUSTICA
46;ATIVIDADES AUXILIARES DOS SEGUROS, DA PREVIDENCIA COMPLEMENTAR E DOS PLANOS DE SAUDE NAO ESPECIFICADAS ANTERIORMENTE
47;ATIVIDADES AUXILIARES DOS TRANSPORTES AEREOS, EXCETO OPERACAO DOS AEROPORTOS E CAMPOS DE ATERRISSAGEM
48;ATIVIDADES AUXILIARES DOS TRANSPORTES AQUAVIARIOS NAO ESPECIFICADAS ANTERIORMENTE
49;ATIVIDADES DE ACUPUNTURA
50;ATIVIDADES DE ADMINISTRACAO DE FUNDOS POR CONTRATO OU COMISSAO
51;ATIVIDADES DE AGENCIAMENTO MARITIMO
52;ATIVIDADES DE APOIO A AGRICULTURA NAO ESPECIFICADAS ANTERIORMENTE
53;ATIVIDADES DE APOIO A EDUCACAO, EXCETO CAIXAS ESCOLARES
54;ATIVIDADES DE APOIO A EXTRACAO DE MINERAIS NAOMETALICOS
55;ATIVIDADES DE APOIO A EXTRACAO DE MINERIO DE FERRO
56;ATIVIDADES DE APOIO A EXTRACAO DE PETROLEO E GAS NATURAL
57;ATIVIDADES DE APOIO A GESTAO DE SAUDE
58;ATIVIDADES DE APOIO A PECUARIA NAO ESPECIFICADAS ANTERIORMENTE
59;ATIVIDADES DE APOIO A PRODUCAO FLORESTAL
60;ATIVIDADES DE ARTISTAS PLASTICOS, JORNALISTAS INDEPENDENTES E ESCRITORES
61;ATIVIDADES DE ASSISTENCIA PSICOSSOCIAL E A SAUDE A PORTADORES DE DISTURBIOS PSIQUICOS, DEFICIENCIA MENTAL E DEPENDENCIA QUIMICA NAO ESPECIFICADAS ANTERIORMENTE
62;ATIVIDADES DE ASSOCIACOES DE DEFESA DE DIREITOS SOCIAIS
63;ATIVIDADES DE ATENCAO AMBULATORIAL NAO ESPECIFICADAS ANTERIORMENTE
64;ATIVIDADES DE ATENDIMENTO EM PRONTOSOCORRO E UNIDADES HOSPITALARES PARA ATENDIMENTO A URGENCIAS
65;ATIVIDADES DE ATENDIMENTO HOSPITALAR, EXCETO PRONTOSOCORRO E UNIDADES PARA ATENDIMENTO A URGENCIAS
66;ATIVIDADES DE COBRANCAS E INFORMACOES CADASTRAIS
67;ATIVIDADES DE CONDICIONAMENTO FISICO
68;ATIVIDADES DE CONSULTORIA E AUDITORIA CONTABIL E TRIBUTARIA
69;ATIVIDADES DE CONSULTORIA EM GESTAO EMPRESARIAL, EXCETO CONSULTORIA TECNICA ESPECIFICA
70;ATIVIDADES DE CONTABILIDADE
71;ATIVIDADES DE COORDENACAO E CONTROLE DA OPERACAO DA GERACAO E TRANSMISSAO DE ENERGIA ELETRICA
72;ATIVIDADES DE DESIGN NAO ESPECIFICADAS ANTERIORMENTE
73;ATIVIDADES DE DESPACHANTES ADUANEIROS
74;ATIVIDADES DE ENFERMAGEM
75;ATIVIDADES DE ESTETICA E OUTROS SERVICOS DE CUIDADOS COM A BELEZA
76;ATIVIDADES DE ESTUDOS GEOLOGICOS
77;ATIVIDADES DE EXIBICAO CINEMATOGRAFICA
78;ATIVIDADES DE FISIOTERAPIA
79;ATIVIDADES DE FONOAUDIOLOGIA
80;ATIVIDADES DE FORNECIMENTO DE INFRAESTRUTURA DE APOIO E ASSISTENCIA A PACIENTE NO DOMICILIO
81;ATIVIDADES DE FRANQUEADAS DO CORREIO NACIONAL
82;ATIVIDADES DE GRAVACAO DE SOM E DE EDICAO DE MUSICA
83;ATIVIDADES DE INTERMEDIACAO E AGENCIAMENTO DE SERVICOS E NEGOCIOS EM GERAL, EXCETO IMOBILIARIOS
84;ATIVIDADES DE INVESTIGACAO PARTICULAR
85;ATIVIDADES DE JARDINS BOTANICOS, ZOOLOGICOS, PARQUES NACIONAIS, RESERVAS ECOLOGICAS E AREAS DE PROTECAO AMBIENTAL
86;ATIVIDADES DE LIMPEZA NAO ESPECIFICADAS ANTERIORMENTE
87;ATIVIDADES DE MONITORAMENTO DE SISTEMAS DE SEGURANCA ELETRONICO
88;ATIVIDADES DE ORGANIZACOES ASSOCIATIVAS LIGADAS A CULTURA E A ARTE
89;ATIVIDADES DE ORGANIZACOES ASSOCIATIVAS PATRONAIS E EMPRESARIAIS
90;ATIVIDADES DE ORGANIZACOES POLITICAS
91;ATIVIDADES DE ORGANIZACOES RELIGIOSAS OU FILOSOFICAS
92;ATIVIDADES DE ORGANIZACOES SINDICAIS
93;ATIVIDADES DE POSPRODUCAO CINEMATOGRAFICA DE VIDEOS E DE PROGRAMAS DE TELEVISAO NAO ESPECIFICADAS ANTERIORMENTE
94;ATIVIDADES DE POSPRODUCAO CINEMATOGRAFICA, DE VIDEOS E DE PROGRAMAS DE TELEVISAO NAO ESPECIFICADAS ANTERIORMENTE
95;ATIVIDADES DE PRATICAS INTEGRATIVAS E COMPLEMENTARES EM SAUDE HUMANA
96;ATIVIDADES DE PRODUCAO CINEMATOGRAFICA, DE VIDEOS E DE PROGRAMAS DE TELEVISAO NAO ESPECIFICADAS ANTERIORMENTE
97;ATIVIDADES DE PRODUCAO DE FOTOGRAFIAS AEREAS E SUBMARINAS
98;ATIVIDADES DE PRODUCAO DE FOTOGRAFIAS, EXCETO AEREA E SUBMARINA
99;ATIVIDADES DE PROFISSIONAIS DA AREA DE SAUDE NAO ESPECIFICADAS ANTERIORMENTE
100;ATIVIDADES DE PROFISSIONAIS DA NUTRICAO
101;ATIVIDADES DE PSICOLOGIA E PSICANALISE
102;ATIVIDADES DE RADIO
103;ATIVIDADES DE SERVICOS DE COMPLEMENTACAO DIAGNOSTICA E TERAPEUTICA NAO ESPECIFICADAS ANTERIORMENTE
104;ATIVIDADES DE SONORIZACAO E DE ILUMINACAO
105;ATIVIDADES DE TELEATENDIMENTO
106;ATIVIDADES DE TELEVISAO ABERTA
107;ATIVIDADES DE VIGILANCIA E SEGURANCA PRIVADA
108;ATIVIDADES DO CORREIO NACIONAL
109;ATIVIDADES DO OPERADOR PORTUARIO
110;ATIVIDADES FUNERARIAS E SERVICOS RELACIONADOS NAO ESPECIFICADOS ANTERIORMENTE
111;ATIVIDADES PAISAGISTICAS
112;ATIVIDADES RELACIONADAS A ESGOTO, EXCETO A GESTAO DE REDES
113;ATIVIDADES RELACIONADAS A TELEVISAO POR ASSINATURA, EXCETO PROGRAMADORAS
114;ATIVIDADES TECNICAS RELACIONADAS A ENGENHARIA E ARQUITETURA NAO ESPECIFICADAS ANTERIORMENTE
115;ATIVIDADES VETERINARIAS
116;BANCOS COMERCIAIS
117;BANCOS MULTIPLOS, COM CARTEIRA COMERCIAL
118;BARES E OUTROS ESTABELECIMENTOS ESPECIALIZADOS EM SERVIR BEBIDAS
119;BENEFICIAMENTO DE ARROZ
120;BRITAMENTO DE PEDRAS, EXCETO ASSOCIADO A EXTRACAO
121;CABELEIREIROS, MANICURE E PEDICURE
122;CAIXAS ECONOMICAS
123;CAMPINGS
124;CANTINAS  SERVICOS DE ALIMENTACAO PRIVATIVOS
125;CARGA E DESCARGA
126;CARTORIOS
127;CASAS DE BINGO
128;CASAS DE FESTAS E EVENTOS
129;CASAS LOTERICAS
130;CHAVEIROS
131;CLINICAS E RESIDENCIAS GERIATRICAS
132;CLUBES DE INVESTIMENTO
133;CLUBES SOCIAIS, ESPORTIVOS E SIMILARES
134;COLETA DE CASTANHADOPARA EM FLORESTAS NATIVAS
135;COLETA DE LATEX EM FLORESTAS NATIVAS
136;COLETA DE PRODUTOS NAOMADEIREIROS NAO ESPECIFICADOS ANTERIORMENTE EM FLORESTAS NATIVAS
137;COLETA DE RESIDUOS NAOPERIGOSOS
138;COMERCIO A VAREJO DE AUTOMOVEIS, CAMIONETAS E UTILITARIOS NOVOS
139;COMERCIO A VAREJO DE AUTOMOVEIS, CAMIONETAS E UTILITARIOS USADOS
140;COMERCIO A VAREJO DE MOTOCICLETAS E MOTONETAS NOVAS
141;COMERCIO A VAREJO DE MOTOCICLETAS E MOTONETAS USADAS
142;COMERCIO A VAREJO DE PECAS E ACESSORIOS NOVOS PARA VEICULOS AUTOMOTORES
143;COMERCIO A VAREJO DE PECAS E ACESSORIOS PARA MOTOCICLETAS E MOTONETAS
144;COMERCIO A VAREJO DE PECAS E ACESSORIOS USADOS PARA VEICULOS AUTOMOTORES
145;COMERCIO A VAREJO DE PNEUMATICOS E CAMARASDEAR
146;COMERCIO ATACADISTA DE ACUCAR
147;COMERCIO ATACADISTA DE AGUA MINERAL
148;COMERCIO ATACADISTA DE ALCOOL CARBURANTE, BIODIESEL, GASOLINA E DEMAIS DERIVADOS DE PETROLEO, EXCETO LUBRIFICANTES, NAO REALIZADO POR TRANSPORTADOR RETALHISTA TRR
149;COMERCIO ATACADISTA DE ALIMENTOS PARA ANIMAIS
150;COMERCIO ATACADISTA DE ANIMAIS VIVOS
151;COMERCIO ATACADISTA DE APARELHOS ELETRONICOS DE USO PESSOAL E DOMESTICO
152;COMERCIO ATACADISTA DE ARTIGOS DE ARMARINHO
153;COMERCIO ATACADISTA DE ARTIGOS DE ESCRITORIO E DE PAPELARIA
154;COMERCIO ATACADISTA DE ARTIGOS DO VESTUARIO E ACESSORIOS, EXCETO PROFISSIONAIS E DE SEGURANCA
155;COMERCIO ATACADISTA DE AVES ABATIDAS E DERIVADOS
156;COMERCIO ATACADISTA DE BEBIDAS COM ATIVIDADE DE FRACIONAMENTO E ACONDICIONAMENTO ASSOCIADA
157;COMERCIO ATACADISTA DE BEBIDAS NAO ESPECIFICADAS ANTERIORMENTE
158;COMERCIO ATACADISTA DE BICICLETAS, TRICICLOS E OUTROS VEICULOS RECREATIVOS
159;COMERCIO ATACADISTA DE BOLSAS, MALAS E ARTIGOS DE VIAGEM
160;COMERCIO ATACADISTA DE BOMBAS E COMPRESSORES, PARTES E PECAS
161;COMERCIO ATACADISTA DE CAFE TORRADO, MOIDO E SOLUVEL
162;COMERCIO ATACADISTA DE CALCADOS
163;COMERCIO ATACADISTA DE CARNES BOVINAS E SUINAS E DERIVADOS
164;COMERCIO ATACADISTA DE CEREAIS E LEGUMINOSAS BENEFICIADOS
165;COMERCIO ATACADISTA DE CEREAIS E LEGUMINOSAS BENEFICIADOS, FARINHAS, AMIDOS E FECULAS, COM ATIVIDADE DE FRACIONAMENTO E ACONDICIONAMENTO ASSOCIADA
166;COMERCIO ATACADISTA DE CERVEJA, CHOPE E REFRIGERANTE
167;COMERCIO ATACADISTA DE CIMENTO
168;COMERCIO ATACADISTA DE COMBUSTIVEIS DE ORIGEM VEGETAL, EXCETO ALCOOL CARBURANTE
169;COMERCIO ATACADISTA DE COMBUSTIVEIS REALIZADO POR TRANSPORTADOR RETALHISTA TRR
170;COMERCIO ATACADISTA DE COMPONENTES ELETRONICOS E EQUIPAMENTOS DE TELEFONIA E COMUNICACAO
171;COMERCIO ATACADISTA DE COSMETICOS E PRODUTOS DE PERFUMARIA
172;COMERCIO ATACADISTA DE COUROS, LAS, PELES E OUTROS SUBPRODUTOS NAOCOMESTIVEIS DE ORIGEM ANIMAL
173;COMERCIO ATACADISTA DE DEFENSIVOS AGRICOLAS, ADUBOS, FERTILIZANTES E CORRETIVOS DO SOLO
174;COMERCIO ATACADISTA DE EMBALAGENS
175;COMERCIO ATACADISTA DE ENERGIA ELETRICA
176;COMERCIO ATACADISTA DE EQUIPAMENTOS DE INFORMATICA
177;COMERCIO ATACADISTA DE EQUIPAMENTOS ELETRICOS DE USO PESSOAL E DOMESTICO
178;COMERCIO ATACADISTA DE FARINHAS, AMIDOS E FECULAS
179;COMERCIO ATACADISTA DE FERRAGENS E FERRAMENTAS
180;COMERCIO ATACADISTA DE FILMES, CDS, DVDS, FITAS E DISCOS
181;COMERCIO ATACADISTA DE FIOS E FIBRAS BENEFICIADOS
182;COMERCIO ATACADISTA DE FRUTAS, VERDURAS, RAIZES, TUBERCULOS, HORTALICAS E LEGUMES FRESCOS
183;COMERCIO ATACADISTA DE FUMO BENEFICIADO
184;COMERCIO ATACADISTA DE GAS LIQUEFEITO DE PETROLEO GLP
185;COMERCIO ATACADISTA DE INSTRUMENTOS E MATERIAIS PARA USO MEDICO, CIRURGICO, HOSPITALAR E DE LABORATORIOS
186;COMERCIO ATACADISTA DE JOIAS, RELOGIOS E BIJUTERIAS, INCLUSIVE PEDRAS PRECIOSAS E SEMIPRECIOSAS LAPIDADAS
187;COMERCIO ATACADISTA DE LEITE E LATICINIOS
188;COMERCIO ATACADISTA DE LIVROS, JORNAIS E OUTRAS PUBLICACOES
189;COMERCIO ATACADISTA DE LUBRIFICANTES
190;COMERCIO ATACADISTA DE MADEIRA E PRODUTOS DERIVADOS
191;COMERCIO ATACADISTA DE MAQUINAS E EQUIPAMENTOS PARA USO COMERCIAL, PARTES E PECAS
192;COMERCIO ATACADISTA DE MAQUINAS E EQUIPAMENTOS PARA USO INDUSTRIAL, PARTES E PECAS
193;COMERCIO ATACADISTA DE MAQUINAS, APARELHOS E EQUIPAMENTOS PARA USO AGROPECUARIO, PARTES E PECAS
194;COMERCIO ATACADISTA DE MAQUINAS, APARELHOS E EQUIPAMENTOS PARA USO ODONTOMEDICOHOSPITALAR, PARTES E PECAS
195;COMERCIO ATACADISTA DE MARMORES E GRANITOS
196;COMERCIO ATACADISTA DE MASSAS ALIMENTICIAS
197;COMERCIO ATACADISTA DE MATERIAIS DE CONSTRUCAO EM GERAL
198;COMERCIO ATACADISTA DE MATERIAL ELETRICO
199;COMERCIO ATACADISTA DE MATERIASPRIMAS AGRICOLAS NAO ESPECIFICADAS ANTERIORMENTE
200;COMERCIO ATACADISTA DE MEDICAMENTOS E DROGAS DE USO HUMANO
201;COMERCIO ATACADISTA DE MERCADORIAS EM GERAL, COM PREDOMINANCIA DE PRODUTOS ALIMENTICIOS
202;COMERCIO ATACADISTA DE MERCADORIAS EM GERAL, SEM PREDOMINANCIA DE ALIMENTOS OU DE INSUMOS AGROPECUARIOS
203;COMERCIO ATACADISTA DE MOVEIS E ARTIGOS DE COLCHOARIA
204;COMERCIO ATACADISTA DE OUTRAS MAQUINAS E EQUIPAMENTOS NAO ESPECIFICADOS ANTERIORMENTE, PARTES E PECAS
205;COMERCIO ATACADISTA DE OUTROS EQUIPAMENTOS E ARTIGOS DE USO PESSOAL E DOMESTICO NAO ESPECIFICADOS ANTERIORMENTE
206;COMERCIO ATACADISTA DE OUTROS PRODUTOS QUIMICOS E PETROQUIMICOS NAO ESPECIFICADOS ANTERIORMENTE
207;COMERCIO ATACADISTA DE PESCADOS E FRUTOS DO MAR
208;COMERCIO ATACADISTA DE PRODUTOS ALIMENTICIOS EM GERAL
209;COMERCIO ATACADISTA DE PRODUTOS ALIMENTICIOS EM GERAL, COM ATIVIDADE DE FRACIONAMENTO E ACONDICIONAMENTO ASSOCIADA
210;COMERCIO ATACADISTA DE PRODUTOS DA EXTRACAO MINERAL, EXCETO COMBUSTIVEIS
211;COMERCIO ATACADISTA DE PRODUTOS DE HIGIENE, LIMPEZA E CONSERVACAO DOMICILIAR
212;COMERCIO ATACADISTA DE RESIDUOS DE PAPEL E PAPELAO
213;COMERCIO ATACADISTA DE RESIDUOS E SUCATAS METALICOS
214;COMERCIO ATACADISTA DE RESIDUOS E SUCATAS NAOMETALICOS, EXCETO DE PAPEL E PAPELAO
215;COMERCIO ATACADISTA DE ROUPAS E ACESSORIOS PARA USO PROFISSIONAL E DE SEGURANCA DO TRABALHO
216;COMERCIO ATACADISTA DE SEMENTES, FLORES, PLANTAS E GRAMAS
217;COMERCIO ATACADISTA DE SORVETES
218;COMERCIO ATACADISTA DE TECIDOS
219;COMERCIO ATACADISTA DE VIDROS, ESPELHOS, VITRAIS E MOLDURAS
220;COMERCIO ATACADISTA ESPECIALIZADO DE MATERIAIS DE CONSTRUCAO NAO ESPECIFICADOS ANTERIORMENTE
221;COMERCIO ATACADISTA ESPECIALIZADO EM OUTROS PRODUTOS ALIMENTICIOS NAO ESPECIFICADOS ANTERIORMENTE
222;COMERCIO ATACADISTA ESPECIALIZADO EM OUTROS PRODUTOS INTERMEDIARIOS NAO ESPECIFICADOS ANTERIORMENTE
223;COMERCIO POR ATACADO DE AUTOMOVEIS, CAMIONETAS E UTILITARIOS NOVOS E USADOS
224;COMERCIO POR ATACADO DE MOTOCICLETAS E MOTONETAS
225;COMERCIO POR ATACADO DE PECAS E ACESSORIOS NOVOS PARA VEICULOS AUTOMOTORES
226;COMERCIO SOB CONSIGNACAO DE MOTOCICLETAS E MOTONETAS
227;COMERCIO VAREJISTA DE ANIMAIS VIVOS E DE ARTIGOS E ALIMENTOS PARA ANIMAIS DE ESTIMACAO
228;COMERCIO VAREJISTA DE ANTIGUIDADES
229;COMERCIO VAREJISTA DE ARMAS E MUNICOES
230;COMERCIO VAREJISTA DE ARTIGOS DE ARMARINHO
231;COMERCIO VAREJISTA DE ARTIGOS DE CACA, PESCA E CAMPING
232;COMERCIO VAREJISTA DE ARTIGOS DE CAMA, MESA E BANHO
233;COMERCIO VAREJISTA DE ARTIGOS DE COLCHOARIA
234;COMERCIO VAREJISTA DE ARTIGOS DE ILUMINACAO
235;COMERCIO VAREJISTA DE ARTIGOS DE JOALHERIA
236;COMERCIO VAREJISTA DE ARTIGOS DE OPTICA
237;COMERCIO VAREJISTA DE ARTIGOS DE PAPELARIA
238;COMERCIO VAREJISTA DE ARTIGOS DE RELOJOARIA
239;COMERCIO VAREJISTA DE ARTIGOS DE TAPECARIA, CORTINAS E PERSIANAS
240;COMERCIO VAREJISTA DE ARTIGOS DE VIAGEM
241;COMERCIO VAREJISTA DE ARTIGOS DO VESTUARIO E ACESSORIOS
242;COMERCIO VAREJISTA DE ARTIGOS ESPORTIVOS
243;COMERCIO VAREJISTA DE ARTIGOS FOTOGRAFICOS E PARA FILMAGEM
244;COMERCIO VAREJISTA DE ARTIGOS MEDICOS E ORTOPEDICOS
245;COMERCIO VAREJISTA DE BEBIDAS
246;COMERCIO VAREJISTA DE BICICLETAS E TRICICLOS PECAS E ACESSORIOS
247;COMERCIO VAREJISTA DE BICICLETAS E TRICICLOS, PECAS E ACESSORIOS
248;COMERCIO VAREJISTA DE BRINQUEDOS E ARTIGOS RECREATIVOS
249;COMERCIO VAREJISTA DE CAL, AREIA, PEDRA BRITADA, TIJOLOS E TELHAS
250;COMERCIO VAREJISTA DE CALCADOS
251;COMERCIO VAREJISTA DE CARNES  ACOUGUES
252;COMERCIO VAREJISTA DE COMBUSTIVEIS PARA VEICULOS AUTOMOTORES
253;COMERCIO VAREJISTA DE COSMETICOS, PRODUTOS DE PERFUMARIA E DE HIGIENE PESSOAL
254;COMERCIO VAREJISTA DE DISCOS, CDS, DVDS E FITAS
255;COMERCIO VAREJISTA DE DOCES, BALAS, BOMBONS E SEMELHANTES
256;COMERCIO VAREJISTA DE EMBARCACOES E OUTROS VEICULOS RECREATIVOS, PECAS E ACESSORIOS
257;COMERCIO VAREJISTA DE EQUIPAMENTOS PARA ESCRITORIO
258;COMERCIO VAREJISTA DE FERRAGENS E FERRAMENTAS
259;COMERCIO VAREJISTA DE FOGOS DE ARTIFICIO E ARTIGOS PIROTECNICOS
260;COMERCIO VAREJISTA DE GAS LIQUEFEITO DE PETROLEO GLP
261;COMERCIO VAREJISTA DE HORTIFRUTIGRANJEIROS
262;COMERCIO VAREJISTA DE JORNAIS E REVISTAS
263;COMERCIO VAREJISTA DE LATICINIOS E FRIOS
264;COMERCIO VAREJISTA DE LIVROS
265;COMERCIO VAREJISTA DE MADEIRA E ARTEFATOS
266;COMERCIO VAREJISTA DE MATERIAIS DE CONSTRUCAO EM GERAL
267;COMERCIO VAREJISTA DE MATERIAIS DE CONSTRUCAO NAO ESPECIFICADOS ANTERIORMENTE
268;COMERCIO VAREJISTA DE MATERIAIS HIDRAULICOS
269;COMERCIO VAREJISTA DE MATERIAL ELETRICO
270;COMERCIO VAREJISTA DE MEDICAMENTOS VETERINARIOS
271;COMERCIO VAREJISTA DE MERCADORIAS EM GERAL, COM PREDOMINANCIA DE PRODUTOS ALIMENTICIOS  HIPERMERCADOS
272;COMERCIO VAREJISTA DE MERCADORIAS EM GERAL, COM PREDOMINANCIA DE PRODUTOS ALIMENTICIOS  MINIMERCADOS, MERCEARIAS E ARMAZENS
273;COMERCIO VAREJISTA DE MERCADORIAS EM GERAL, COM PREDOMINANCIA DE PRODUTOS ALIMENTICIOS  SUPERMERCADOS
274;COMERCIO VAREJISTA DE MERCADORIAS EM LOJAS DE CONVENIENCIA
275;COMERCIO VAREJISTA DE MOVEIS
276;COMERCIO VAREJISTA DE OBJETOS DE ARTE
277;COMERCIO VAREJISTA DE OUTROS ARTIGOS DE USO PESSOAL E DOMESTICO NAO ESPECIFICADOS ANTERIORMENTE
278;COMERCIO VAREJISTA DE OUTROS ARTIGOS USADOS
279;COMERCIO VAREJISTA DE OUTROS PRODUTOS NAO ESPECIFICADOS ANTERIORMENTE
280;COMERCIO VAREJISTA DE PLANTAS E FLORES NATURAIS
281;COMERCIO VAREJISTA DE PRODUTOS ALIMENTICIOS EM GERAL OU ESPECIALIZADO EM PRODUTOS ALIMENTICIOS NAO ESPECIFICADOS ANTERIORMENTE
282;COMERCIO VAREJISTA DE PRODUTOS FARMACEUTICOS HOMEOPATICOS
283;COMERCIO VAREJISTA DE PRODUTOS FARMACEUTICOS, COM MANIPULACAO DE FORMULAS
284;COMERCIO VAREJISTA DE PRODUTOS FARMACEUTICOS, SEM MANIPULACAO DE FORMULAS
285;COMERCIO VAREJISTA DE PRODUTOS SANEANTES DOMISSANITARIOS
286;COMERCIO VAREJISTA DE SUVENIRES, BIJUTERIAS E ARTESANATOS
287;COMERCIO VAREJISTA DE TECIDOS
288;COMERCIO VAREJISTA DE TINTAS E MATERIAIS PARA PINTURA
289;COMERCIO VAREJISTA DE VIDROS
290;COMERCIO VAREJISTA ESPECIALIZADO DE ELETRODOMESTICOS E EQUIPAMENTOS DE AUDIO E VIDEO
291;COMERCIO VAREJISTA ESPECIALIZADO DE EQUIPAMENTOS DE TELEFONIA E COMUNICACAO
292;COMERCIO VAREJISTA ESPECIALIZADO DE EQUIPAMENTOS E SUPRIMENTOS DE INFORMATICA
293;COMERCIO VAREJISTA ESPECIALIZADO DE INSTRUMENTOS MUSICAIS E ACESSORIOS
294;COMERCIO VAREJISTA ESPECIALIZADO DE PECAS E ACESSORIOS PARA APARELHOS ELETROELETRONICOS PARA USO DOMESTICO, EXCETO INFORMATICA E COMUNICACAO
295;COMPRA E VENDA DE IMOVEIS PROPRIOS
296;CONDOMINIOS PREDIAIS
297;CONFECCAO DE PECAS DE VESTUARIO, EXCETO ROUPAS INTIMAS E AS CONFECCIONADAS SOB MEDIDA
298;CONFECCAO DE ROUPAS INTIMAS
299;CONFECCAO DE ROUPAS PROFISSIONAIS, EXCETO SOB MEDIDA
300;CONFECCAO, SOB MEDIDA, DE PECAS DO VESTUARIO, EXCETO ROUPAS INTIMAS
301;CONFECCAO, SOB MEDIDA, DE ROUPAS PROFISSIONAIS
302;CONSTRUCAO DE BARRAGENS E REPRESAS PARA GERACAO DE ENERGIA ELETRICA
303;CONSTRUCAO DE EDIFICIOS
304;CONSTRUCAO DE ESTACOES E REDES DE DISTRIBUICAO DE ENERGIA ELETRICA
305;CONSTRUCAO DE INSTALACOES ESPORTIVAS E RECREATIVAS
306;CONSTRUCAO DE OBRAS DE ARTE ESPECIAIS
307;CONSTRUCAO DE REDES DE ABASTECIMENTO DE AGUA, COLETA DE ESGOTO E CONSTRUCOES CORRELATAS, EXCETO OBRAS DE IRRIGACAO
308;CONSTRUCAO DE RODOVIAS E FERROVIAS
309;CONSULTORIA EM PUBLICIDADE
310;CONSULTORIA EM TECNOLOGIA DA INFORMACAO
311;COOPERATIVAS DE CREDITO MUTUO
312;CORRETAGEM NA COMPRA E VENDA E AVALIACAO DE IMOVEIS
313;CORRETAGEM NO ALUGUEL DE IMOVEIS
314;CORRETORAS DE TITULOS E VALORES MOBILIARIOS
315;CORRETORES E AGENTES DE SEGUROS DE PLANOS DE PREVIDENCIA COMPLEMENTAR E DE SAUDE
316;CORRETORES E AGENTES DE SEGUROS, DE PLANOS DE PREVIDENCIA COMPLEMENTAR E DE SAUDE
317;CRIACAO DE ANIMAIS DE ESTIMACAO
318;CRIACAO DE ASININOS E MUARES
319;CRIACAO DE BOVINOS PARA CORTE
320;CRIACAO DE BOVINOS PARA LEITE
321;CRIACAO DE BOVINOS, EXCETO PARA CORTE E LEITE
322;CRIACAO DE FRANGOS PARA CORTE
323;CRIACAO DE OVINOS, INCLUSIVE PARA PRODUCAO DE LA
324;CRIACAO DE PEIXES EM AGUA DOCE
325;CRIACAO DE SUINOS
326;CULTIVO DE ALGODAO HERBACEO
327;CULTIVO DE AMENDOIM
328;CULTIVO DE ARROZ
329;CULTIVO DE BANANA
330;CULTIVO DE CAFE
331;CULTIVO DE CANADEACUCAR
332;CULTIVO DE CEBOLA
333;CULTIVO DE CITRICOS, EXCETO LARANJA
334;CULTIVO DE COCODABAIA
335;CULTIVO DE EUCALIPTO
336;CULTIVO DE FEIJAO
337;CULTIVO DE FLORES E PLANTAS ORNAMENTAIS
338;CULTIVO DE FRUTAS DE LAVOURA PERMANENTE NAO ESPECIFICADAS ANTERIORMENTE
339;CULTIVO DE LARANJA
340;CULTIVO DE MAMAO
341;CULTIVO DE MANDIOCA
342;CULTIVO DE MELANCIA
343;CULTIVO DE MILHO
344;CULTIVO DE MORANGO
345;CULTIVO DE MUDAS EM VIVEIROS FLORESTAIS
346;CULTIVO DE OUTRAS FIBRAS DE LAVOURA TEMPORARIA NAO ESPECIFICADAS ANTERIORMENTE
347;CULTIVO DE OUTRAS PLANTAS DE LAVOURA TEMPORARIA NAO ESPECIFICADAS ANTERIORMENTE
348;CULTIVO DE PINUS
349;CULTIVO DE SERINGUEIRA
350;CULTIVO DE SOJA
351;CULTIVO DE TOMATE RASTEIRO
352;CULTIVO DE UVA
353;CURSOS PREPARATORIOS PARA CONCURSOS
354;CURTIMENTO E OUTRAS PREPARACOES DE COURO
355;DECORACAO, LAPIDACAO, GRAVACAO, VITRIFICACAO E OUTROS TRABALHOS EM CERAMICA, LOUCA, VIDRO E CRISTAL
356;DEFESA
357;DEMOLICAO DE EDIFICIOS E OUTRAS ESTRUTURAS
358;DEPOSITOS DE MERCADORIAS PARA TERCEIROS, EXCETO ARMAZENS GERAIS E GUARDAMOVEIS
359;DESENVOLVIMENTO DE PROGRAMAS DE COMPUTADOR SOB ENCOMENDA
360;DESENVOLVIMENTO E LICENCIAMENTO DE PROGRAMAS DE COMPUTADOR CUSTOMIZAVEIS
361;DESENVOLVIMENTO E LICENCIAMENTO DE PROGRAMAS DE COMPUTADOR NAOCUSTOMIZAVEIS
362;DESIGN DE INTERIORES
363;DESIGN DE PRODUTO
364;DISCOTECAS, DANCETERIAS, SALOES DE DANCA E SIMILARES
365;DISTRIBUICAO DE AGUA POR CAMINHOES
366;DISTRIBUICAO DE ENERGIA ELETRICA
367;EDICAO DE CADASTROS, LISTAS E DE OUTROS PRODUTOS GRAFICOS
368;EDICAO DE JORNAIS DIARIOS
369;EDICAO DE JORNAIS NAO DIARIOS
370;EDICAO DE LIVROS
371;EDICAO DE REVISTAS
372;EDICAO INTEGRADA A IMPRESSAO DE CADASTROS, LISTAS E DE OUTROS PRODUTOS GRAFICOS
373;EDICAO INTEGRADA A IMPRESSAO DE JORNAIS DIARIOS
374;EDICAO INTEGRADA A IMPRESSAO DE LIVROS
375;EDICAO INTEGRADA A IMPRESSAO DE REVISTAS
376;EDUCACAO INFANTIL  CRECHE
377;EDUCACAO INFANTIL  PREESCOLA
378;EDUCACAO PROFISSIONAL DE NIVEL TECNICO
379;EDUCACAO SUPERIOR  GRADUACAO
380;EDUCACAO SUPERIOR  POSGRADUACAO E EXTENSAO
381;ENSINO DE ARTE E CULTURA NAO ESPECIFICADO ANTERIORMENTE
382;ENSINO DE ARTES CENICAS, EXCETO DANCA
383;ENSINO DE DANCA
384;ENSINO DE ESPORTES
385;ENSINO DE IDIOMAS
386;ENSINO DE MUSICA
387;ENSINO FUNDAMENTAL
388;ENSINO MEDIO
389;ENVASAMENTO E EMPACOTAMENTO SOB CONTRATO
390;ESTACIONAMENTO DE VEICULOS
391;ESTAMPARIA E TEXTURIZACAO EM FIOS, TECIDOS, ARTEFATOS TEXTEIS E PECAS DO VESTUARIO
392;ESTUDIOS CINEMATOGRAFICOS
393;EXPLORACAO DE BOLICHES
394;EXPLORACAO DE JOGOS DE SINUCA, BILHAR E SIMILARES
395;EXPLORACAO DE JOGOS ELETRONICOS RECREATIVOS
396;EXPLORACAO DE MAQUINAS DE SERVICOS PESSOAIS ACIONADAS POR MOEDA
397;EXTRACAO DE AREIA, CASCALHO OU PEDREGULHO E BENEFICIAMENTO ASSOCIADO
398;EXTRACAO DE ARGILA E BENEFICIAMENTO ASSOCIADO
399;EXTRACAO DE MADEIRA EM FLORESTAS NATIVAS
400;EXTRACAO DE PETROLEO E GAS NATURAL
401;EXTRACAO E BRITAMENTO DE PEDRAS E OUTROS MATERIAIS PARA CONSTRUCAO E BENEFICIAMENTO ASSOCIADO
402;FABRICACAO DE ABSORVENTES HIGIENICOS
403;FABRICACAO DE ADESIVOS E SELANTES
404;FABRICACAO DE ADUBOS E FERTILIZANTES, EXCETO ORGANOMINERAIS
405;FABRICACAO DE AGUAS ENVASADAS
406;FABRICACAO DE ALIMENTOS E PRATOS PRONTOS
407;FABRICACAO DE ARTEFATOS DE CERAMICA E BARRO COZIDO PARA USO NA CONSTRUCAO, EXCETO AZULEJOS E PISOS
408;FABRICACAO DE ARTEFATOS DE CIMENTO PARA USO NA CONSTRUCAO
409;FABRICACAO DE ARTEFATOS DE COURO NAO ESPECIFICADOS ANTERIORMENTE
410;FABRICACAO DE ARTEFATOS DE JOALHERIA E OURIVESARIA
411;FABRICACAO DE ARTEFATOS DE MATERIAL PLASTICO PARA OUTROS USOS NAO ESPECIFICADOS ANTERIORMENTE
412;FABRICACAO DE ARTEFATOS DE MATERIAL PLASTICO PARA USO NA CONSTRUCAO, EXCETO TUBOS E ACESSORIOS
413;FABRICACAO DE ARTEFATOS DE MATERIAL PLASTICO PARA USO PESSOAL E DOMESTICO
414;FABRICACAO DE ARTEFATOS DE MATERIAL PLASTICO PARA USOS INDUSTRIAIS
415;FABRICACAO DE ARTEFATOS DE TANOARIA E DE EMBALAGENS DE MADEIRA
416;FABRICACAO DE ARTEFATOS DE TAPECARIA
417;FABRICACAO DE ARTEFATOS DIVERSOS DE CORTICA, BAMBU, PALHA, VIME E OUTROS MATERIAIS TRANCADOS, EXCETO MOVEIS
418;FABRICACAO DE ARTEFATOS DIVERSOS DE MADEIRA, EXCETO MOVEIS
419;FABRICACAO DE ARTEFATOS PARA PESCA E ESPORTE
420;FABRICACAO DE ARTEFATOS TEXTEIS PARA USO DOMESTICO
421;FABRICACAO DE ARTIGOS DE METAL PARA USO DOMESTICO E PESSOAL
422;FABRICACAO DE ARTIGOS DE SERRALHERIA, EXCETO ESQUADRIAS
423;FABRICACAO DE ARTIGOS DO VESTUARIO, PRODUZIDOS EM MALHARIAS E TRICOTAGENS, EXCETO MEIAS
424;FABRICACAO DE ARTIGOS PARA VIAGEM, BOLSAS E SEMELHANTES DE QUALQUER MATERIAL
425;FABRICACAO DE BANCOS E ESTOFADOS PARA VEICULOS AUTOMOTORES
426;FABRICACAO DE BIJUTERIAS E ARTEFATOS SEMELHANTES
427;FABRICACAO DE BIOCOMBUSTIVEIS, EXCETO ALCOOL
428;FABRICACAO DE BISCOITOS E BOLACHAS
429;FABRICACAO DE CABINES, CARROCERIAS E REBOQUES PARA CAMINHOES
430;FABRICACAO DE CABINES, CARROCERIAS E REBOQUES PARA OUTROS VEICULOS AUTOMOTORES, EXCETO CAMINHOES E ONIBUS
431;FABRICACAO DE CALCADOS DE COURO
432;FABRICACAO DE CHAPAS E DE EMBALAGENS DE PAPELAO ONDULADO
433;FABRICACAO DE COLCHOES
434;FABRICACAO DE CONSERVAS DE FRUTAS
435;FABRICACAO DE CONSERVAS DE LEGUMES E OUTROS VEGETAIS, EXCETO PALMITO
436;FABRICACAO DE CONSERVAS DE PEIXES, CRUSTACEOS E MOLUSCOS
437;FABRICACAO DE COSMETICOS, PRODUTOS DE PERFUMARIA E DE HIGIENE PESSOAL
438;FABRICACAO DE DEFENSIVOS AGRICOLAS
439;FABRICACAO DE DESINFESTANTES DOMISSANITARIOS
440;FABRICACAO DE EMBALAGENS DE MATERIAL PLASTICO
441;FABRICACAO DE EMBALAGENS DE PAPEL
442;FABRICACAO DE EQUIPAMENTOS PARA IRRIGACAO AGRICOLA, PECAS E ACESSORIOS
443;FABRICACAO DE ESQUADRIAS DE MADEIRA E DE PECAS DE MADEIRA PARA INSTALACOES INDUSTRIAIS E COMERCIAIS
444;FABRICACAO DE ESQUADRIAS DE METAL
445;FABRICACAO DE ESTRUTURAS METALICAS
446;FABRICACAO DE ESTRUTURAS PREMOLDADAS DE CONCRETO ARMADO, EM SERIE E SOB ENCOMENDA
447;FABRICACAO DE FARINHA DE MILHO E DERIVADOS, EXCETO OLEOS DE MILHO
448;FABRICACAO DE FERRAMENTAS
449;FABRICACAO DE FRUTAS CRISTALIZADAS, BALAS E SEMELHANTES
450;FABRICACAO DE LAMINADOS PLANOS E TUBULARES DE MATERIAL PLASTICO
451;FABRICACAO DE LATICINIOS
452;FABRICACAO DE LETRAS, LETREIROS E PLACAS DE QUALQUER MATERIAL, EXCETO LUMINOSOS
453;FABRICACAO DE MAQUINAS E EQUIPAMENTOS PARA A AGRICULTURA E PECUARIA, PECAS E ACESSORIOS, EXCETO PARA IRRIGACAO
454;FABRICACAO DE MAQUINAS E EQUIPAMENTOS PARA SANEAMENTO BASICO E AMBIENTAL, PECAS E ACESSORIOS
455;FABRICACAO DE MAQUINAS, EQUIPAMENTOS E APARELHOS PARA TRANSPORTE E ELEVACAO DE CARGAS, PECAS E ACESSORIOS
456;FABRICACAO DE MASSAS ALIMENTICIAS
457;FABRICACAO DE MEIAS
458;FABRICACAO DE MOVEIS COM PREDOMINANCIA DE MADEIRA
459;FABRICACAO DE MOVEIS COM PREDOMINANCIA DE METAL
460;FABRICACAO DE MOVEIS DE OUTROS MATERIAIS, EXCETO MADEIRA E METAL
461;FABRICACAO DE OUTRAS MAQUINAS E EQUIPAMENTOS DE USO GERAL NAO ESPECIFICADOS ANTERIORMENTE, PECAS E ACESSORIOS
462;FABRICACAO DE OUTRAS PECAS E ACESSORIOS PARA VEICULOS AUTOMOTORES NAO ESPECIFICADAS ANTERIORMENTE
463;FABRICACAO DE OUTROS ARTEFATOS E PRODUTOS DE CONCRETO, CIMENTO, FIBROCIMENTO, GESSO E MATERIAIS SEMELHANTES
464;FABRICACAO DE OUTROS ARTIGOS DE CARPINTARIA PARA CONSTRUCAO
465;FABRICACAO DE OUTROS EQUIPAMENTOS E APARELHOS ELETRICOS NAO ESPECIFICADOS ANTERIORMENTE
466;FABRICACAO DE OUTROS PRODUTOS ALIMENTICIOS NAO ESPECIFICADOS ANTERIORMENTE
467;FABRICACAO DE OUTROS PRODUTOS DE METAL NAO ESPECIFICADOS ANTERIORMENTE
468;FABRICACAO DE OUTROS PRODUTOS DE MINERAIS NAOMETALICOS NAO ESPECIFICADOS ANTERIORMENTE
469;FABRICACAO DE OUTROS PRODUTOS QUIMICOS NAO ESPECIFICADOS ANTERIORMENTE
470;FABRICACAO DE OUTROS PRODUTOS TEXTEIS NAO ESPECIFICADOS ANTERIORMENTE
471;FABRICACAO DE PRODUTOS DE CARNE
472;FABRICACAO DE PRODUTOS DE LIMPEZA E POLIMENTO
473;FABRICACAO DE PRODUTOS DE PADARIA E CONFEITARIA COM PREDOMINANCIA DE PRODUCAO PROPRIA
474;FABRICACAO DE PRODUTOS DE PANIFICACAO INDUSTRIAL
475;FABRICACAO DE PRODUTOS DE PAPEL, CARTOLINA, PAPEL CARTAO E PAPELAO ONDULADO PARA USO COMERCIAL E DE ESCRITORIO, EXCETO FORMULARIO CONTINUO
476;FABRICACAO DE PRODUTOS DE PASTAS CELULOSICAS, PAPEL, CARTOLINA, PAPELCARTAO E PAPELAO ONDULADO NAO ESPECIFICADOS ANTERIORMENTE
477;FABRICACAO DE PRODUTOS DERIVADOS DO CACAU E DE CHOCOLATES
478;FABRICACAO DE PRODUTOS DIVERSOS NAO ESPECIFICADOS ANTERIORMENTE
479;FABRICACAO DE PRODUTOS PARA INFUSAO CHA, MATE, ETC
480;FABRICACAO DE SABOES E DETERGENTES SINTETICOS
481;FABRICACAO DE SORVETES E OUTROS GELADOS COMESTIVEIS
482;FABRICACAO DE SUCOS DE FRUTAS, HORTALICAS E LEGUMES, EXCETO CONCENTRADOS
483;FABRICACAO DE TINTAS, VERNIZES, ESMALTES E LACAS
484;FABRICACAO DE VALVULAS, REGISTROS E DISPOSITIVOS SEMELHANTES, PECAS E ACESSORIOS
485;FABRICACAO DE VINAGRES
486;FACCAO DE PECAS DO VESTUARIO, EXCETO ROUPAS INTIMAS
487;FILMAGEM DE FESTAS E EVENTOS
488;FORMACAO DE CONDUTORES
489;FORNECIMENTO DE ALIMENTOS PREPARADOS PREPONDERANTEMENTE PARA CONSUMO DOMICILIAR
490;FORNECIMENTO DE ALIMENTOS PREPARADOS PREPONDERANTEMENTE PARA EMPRESAS
491;FORNECIMENTO E GESTAO DE RECURSOS HUMANOS PARA TERCEIROS
492;FOTOCOPIAS
493;FUNDICAO DE FERRO E ACO
494;FUNDICAO DE METAIS NAOFERROSOS E SUAS LIGAS
495;FUNDOS DE INVESTIMENTO, EXCETO PREVIDENCIARIOS E IMOBILIARIOS
496;GERACAO DE ENERGIA ELETRICA
497;GESTAO DE ESPACOS PARA ARTES CENICAS, ESPETACULOS E OUTRAS ATIVIDADES ARTISTICAS
498;GESTAO E ADMINISTRACAO DA PROPRIEDADE IMOBILIARIA
499;HIGIENE E EMBELEZAMENTO DE ANIMAIS DOMESTICOS
500;HOLDINGS DE INSTITUICOES NAOFINANCEIRAS
501;HORTICULTURA, EXCETO MORANGO
502;HOTEIS
503;IMPERMEABILIZACAO EM OBRAS DE ENGENHARIA CIVIL
504;IMPRESSAO DE LIVROS, REVISTAS E OUTRAS PUBLICACOES PERIODICAS
505;IMPRESSAO DE MATERIAL PARA OUTROS USOS
506;IMPRESSAO DE MATERIAL PARA USO PUBLICITARIO
507;INCORPORACAO DE EMPREENDIMENTOS IMOBILIARIOS
508;INSTALACAO DE MAQUINAS E EQUIPAMENTOS INDUSTRIAIS
509;INSTALACAO DE PAINEIS PUBLICITARIOS
510;INSTALACAO DE PORTAS, JANELAS, TETOS, DIVISORIAS E ARMARIOS EMBUTIDOS DE QUALQUER MATERIAL
511;INSTALACAO E MANUTENCAO DE SISTEMAS CENTRAIS DE AR CONDICIONADO, DE VENTILACAO E REFRIGERACAO
512;INSTALACAO E MANUTENCAO ELETRICA
513;INSTALACAO, MANUTENCAO E REPARACAO DE ELEVADORES, ESCADAS E ESTEIRAS ROLANTES
514;INSTALACOES DE SISTEMA DE PREVENCAO CONTRA INCENDIO
515;INSTALACOES HIDRAULICAS, SANITARIAS E DE GAS
516;INSTITUICOES DE LONGA PERMANENCIA PARA IDOSOS
517;LABORATORIOS CLINICOS
518;LABORATORIOS DE ANATOMIA PATOLOGICA E CITOLOGICA
519;LABORATORIOS FOTOGRAFICOS
520;LANCHONETES CASAS DE CHA DE SUCOS E SIMILARES
521;LANCHONETES, CASAS DE CHA, DE SUCOS E SIMILARES
522;LAPIDACAO DE GEMAS
523;LAVANDERIAS
524;LIMPEZA EM PREDIOS E EM DOMICILIOS
525;LOCACAO DE AUTOMOVEIS SEM CONDUTOR
526;LOCACAO DE MAODEOBRA TEMPORARIA
527;LOCACAO DE OUTROS MEIOS DE TRANSPORTE NAO ESPECIFICADOS ANTERIORMENTE, SEM CONDUTOR
528;LOJAS DE DEPARTAMENTOS OU MAGAZINES
529;LOJAS DE VARIEDADES, EXCETO LOJAS DE DEPARTAMENTOS OU MAGAZINES
530;MANUTENCAO DE ESTACOES E REDES DE TELECOMUNICACOES
531;MANUTENCAO E REPARACAO DE APARELHOS E INSTRUMENTOS DE MEDIDA, TESTE E CONTROLE
532;MANUTENCAO E REPARACAO DE EQUIPAMENTOS E PRODUTOS NAO ESPECIFICADOS ANTERIORMENTE
533;MANUTENCAO E REPARACAO DE EQUIPAMENTOS HIDRAULICOS E PNEUMATICOS, EXCETO VALVULAS
534;MANUTENCAO E REPARACAO DE GERADORES, TRANSFORMADORES E MOTORES ELETRICOS
535;MANUTENCAO E REPARACAO DE MAQUINAS DE ESCREVER, CALCULAR E DE OUTROS EQUIPAMENTOS NAOELETRONICOS PARA ESCRITORIO
536;MANUTENCAO E REPARACAO DE MAQUINAS E APARELHOS DE REFRIGERACAO E VENTILACAO PARA USO INDUSTRIAL E COMERCIAL
537;MANUTENCAO E REPARACAO DE MAQUINAS E EQUIPAMENTOS PARA A INDUSTRIA TEXTIL, DO VESTUARIO, DO COURO E CALCADOS
538;MANUTENCAO E REPARACAO DE MAQUINAS E EQUIPAMENTOS PARA AGRICULTURA E PECUARIA
539;MANUTENCAO E REPARACAO DE MAQUINASFERRAMENTA
540;MANUTENCAO E REPARACAO DE MOTOCICLETAS E MOTONETAS
541;MARKETING DIRETO
542;MOAGEM E FABRICACAO DE PRODUTOS DE ORIGEM VEGETAL NAO ESPECIFICADOS ANTERIORMENTE
543;MONTAGEM DE ESTRUTURAS METALICAS
544;MONTAGEM E DESMONTAGEM DE ANDAIMES E OUTRAS ESTRUTURAS TEMPORARIAS
545;MONTAGEM E INSTALACAO DE SISTEMAS E EQUIPAMENTOS DE ILUMINACAO E SINALIZACAO EM VIAS PUBLICAS, PORTOS E AEROPORTOS
546;MOTEIS
547;OBRAS DE ACABAMENTO EM GESSO E ESTUQUE
548;OBRAS DE ALVENARIA
549;OBRAS DE FUNDACOES
550;OBRAS DE MONTAGEM INDUSTRIAL
551;OBRAS DE TERRAPLENAGEM
552;OBRAS DE URBANIZACAO  RUAS, PRACAS E CALCADAS
553;OPERADORAS DE CARTOES DE DEBITO
554;OPERADORES TURISTICOS
555;ORGANISMOS INTERNACIONAIS E OUTRAS INSTITUICOES EXTRATERRITORIAIS
556;ORGANIZACAO DE EXCURSOES EM VEICULOS RODOVIARIOS PROPRIOS, INTERMUNICIPAL, INTERESTADUAL E INTERNACIONAL
557;ORGANIZACAO DE EXCURSOES EM VEICULOS RODOVIARIOS PROPRIOS, MUNICIPAL
558;ORGANIZACAO LOGISTICA DO TRANSPORTE DE CARGA
559;OUTRAS ATIVIDADES ASSOCIATIVAS PROFISSIONAIS
560;OUTRAS ATIVIDADES AUXILIARES DOS SERVICOS FINANCEIROS NAO ESPECIFICADAS ANTERIORMENTE
561;OUTRAS ATIVIDADES AUXILIARES DOS TRANSPORTES TERRESTRES NAO ESPECIFICADAS ANTERIORMENTE
562;OUTRAS ATIVIDADES DE ATENCAO A SAUDE HUMANA NAO ESPECIFICADAS ANTERIORMENTE
563;OUTRAS ATIVIDADES DE ENSINO NAO ESPECIFICADAS ANTERIORMENTE
564;OUTRAS ATIVIDADES DE PRESTACAO DE SERVICOS DE INFORMACAO NAO ESPECIFICADAS ANTERIORMENTE
565;OUTRAS ATIVIDADES DE PUBLICIDADE NAO ESPECIFICADAS ANTERIORMENTE
566;OUTRAS ATIVIDADES DE RECREACAO E LAZER NAO ESPECIFICADAS ANTERIORMENTE
567;OUTRAS ATIVIDADES DE SERVICOS FINANCEIROS NAO ESPECIFICADAS ANTERIORMENTE
568;OUTRAS ATIVIDADES DE SERVICOS PESSOAIS NAO ESPECIFICADAS ANTERIORMENTE
569;OUTRAS ATIVIDADES DE SERVICOS PRESTADOS PRINCIPALMENTE AS EMPRESAS NAO ESPECIFICADAS ANTERIORMENTE
570;OUTRAS ATIVIDADES DE TELECOMUNICACOES NAO ESPECIFICADAS ANTERIORMENTE
571;OUTRAS ATIVIDADES ESPORTIVAS NAO ESPECIFICADAS ANTERIORMENTE
572;OUTRAS ATIVIDADES PROFISSIONAIS, CIENTIFICAS E TECNICAS NAO ESPECIFICADAS ANTERIORMENTE
573;OUTRAS OBRAS DE ACABAMENTO DA CONSTRUCAO
574;OUTRAS OBRAS DE ENGENHARIA CIVIL NAO ESPECIFICADAS ANTERIORMENTE
575;OUTRAS SOCIEDADES DE PARTICIPACAO, EXCETO HOLDINGS
576;OUTROS ALOJAMENTOS NAO ESPECIFICADOS ANTERIORMENTE
577;OUTROS REPRESENTANTES COMERCIAIS E AGENTES DO COMERCIO ESPECIALIZADO EM PRODUTOS NAO ESPECIFICADOS ANTERIORMENTE
578;OUTROS SERVICOS DE ACABAMENTO EM FIOS, TECIDOS, ARTEFATOS TEXTEIS E PECAS DO VESTUARIO
579;OUTROS TRANSPORTES AQUAVIARIOS NAO ESPECIFICADOS ANTERIORMENTE
580;OUTROS TRANSPORTES RODOVIARIOS DE PASSAGEIROS NAO ESPECIFICADOS ANTERIORMENTE
581;PADARIA E CONFEITARIA COM PREDOMINANCIA DE REVENDA
582;PARQUES DE DIVERSAO E PARQUES TEMATICOS
583;PEIXARIA
584;PENSOES ALOJAMENTO
585;PESQUISA E DESENVOLVIMENTO EXPERIMENTAL EM CIENCIAS SOCIAIS E HUMANAS
586;PESQUISAS DE MERCADO E DE OPINIAO PUBLICA
587;PLANOS DE AUXILIOFUNERAL
588;PLANOS DE SAUDE
589;PORTAIS, PROVEDORES DE CONTEUDO E OUTROS SERVICOS DE INFORMACAO NA INTERNET
590;PREPARACAO DE DOCUMENTOS E SERVICOS ESPECIALIZADOS DE APOIO ADMINISTRATIVO NAO ESPECIFICADOS ANTERIORMENTE
591;PREPARACAO DE SUBPRODUTOS DO ABATE
592;PREPARACAO DO LEITE
593;PRODUCAO DE ESPETACULOS CIRCENSES, DE MARIONETES E SIMILARES
594;PRODUCAO DE ESPETACULOS DE DANCA
595;PRODUCAO DE FERROGUSA
596;PRODUCAO DE LAMINADOS PLANOS DE ACO AO CARBONO, REVESTIDOS OU NAO
597;PRODUCAO E PROMOCAO DE EVENTOS ESPORTIVOS
598;PRODUCAO MUSICAL
599;PRODUCAO TEATRAL
600;PROMOCAO DE VENDAS
601;PROVEDORES DE ACESSO AS REDES DE COMUNICACOES
602;RECARGA DE CARTUCHOS PARA EQUIPAMENTOS DE INFORMATICA
603;RECONDICIONAMENTO E RECUPERACAO DE MOTORES PARA VEICULOS AUTOMOTORES
604;RECUPERACAO DE MATERIAIS METALICOS, EXCETO ALUMINIO
605;RECUPERACAO DE MATERIAIS NAO ESPECIFICADOS ANTERIORMENTE
606;REGULACAO DAS ATIVIDADES DE SAUDE, EDUCACAO, SERVICOS CULTURAIS E OUTROS SERVICOS SOCIAIS
607;REGULACAO DAS ATIVIDADES ECONOMICAS
608;REPARACAO DE ARTIGOS DO MOBILIARIO
609;REPARACAO DE JOIAS
610;REPARACAO E MANUTENCAO DE COMPUTADORES E DE EQUIPAMENTOS PERIFERICOS
611;REPARACAO E MANUTENCAO DE EQUIPAMENTOS DE COMUNICACAO
612;REPARACAO E MANUTENCAO DE EQUIPAMENTOS ELETROELETRONICOS DE USO PESSOAL E DOMESTICO
613;REPARACAO E MANUTENCAO DE OUTROS OBJETOS E EQUIPAMENTOS PESSOAIS E DOMESTICOS NAO ESPECIFICADOS ANTERIORMENTE
614;REPRESENTANTES COMERCIAIS E AGENTES DO COMERCIO DE COMBUSTIVEIS, MINERAIS, PRODUTOS SIDERURGICOS E QUIMICOS
615;REPRESENTANTES COMERCIAIS E AGENTES DO COMERCIO DE ELETRODOMESTICOS, MOVEIS E ARTIGOS DE USO DOMESTICO
616;REPRESENTANTES COMERCIAIS E AGENTES DO COMERCIO DE INSTRUMENTOS E MATERIAIS ODONTOMEDICOHOSPITALARES
617;REPRESENTANTES COMERCIAIS E AGENTES DO COMERCIO DE MADEIRA, MATERIAL DE CONSTRUCAO E FERRAGENS
618;REPRESENTANTES COMERCIAIS E AGENTES DO COMERCIO DE MAQUINAS, EQUIPAMENTOS, EMBARCACOES E AERONAVES
619;REPRESENTANTES COMERCIAIS E AGENTES DO COMERCIO DE MATERIASPRIMAS AGRICOLAS E ANIMAIS VIVOS
620;REPRESENTANTES COMERCIAIS E AGENTES DO COMERCIO DE MEDICAMENTOS, COSMETICOS E PRODUTOS DE PERFUMARIA
621;REPRESENTANTES COMERCIAIS E AGENTES DO COMERCIO DE MERCADORIAS EM GERAL NAO ESPECIALIZADO
622;REPRESENTANTES COMERCIAIS E AGENTES DO COMERCIO DE MOTOCICLETAS E MOTONETAS, PECAS E ACESSORIOS
623;REPRESENTANTES COMERCIAIS E AGENTES DO COMERCIO DE PECAS E ACESSORIOS NOVOS E USADOS PARA VEICULOS AUTOMOTORES
624;REPRESENTANTES COMERCIAIS E AGENTES DO COMERCIO DE PRODUTOS ALIMENTICIOS, BEBIDAS E FUMO
625;REPRESENTANTES COMERCIAIS E AGENTES DO COMERCIO DE TEXTEIS, VESTUARIO, CALCADOS E ARTIGOS DE VIAGEM
626;RESTAURANTES E SIMILARES
627;SALAS DE ACESSO A INTERNET
628;SECURITIZACAO DE CREDITOS
629;SEGURANCA E ORDEM PUBLICA
630;SEGURIDADE SOCIAL OBRIGATORIA
631;SELECAO E AGENCIAMENTO DE MAODEOBRA
632;SERRARIAS COM DESDOBRAMENTO DE MADEIRA
633;SERVICO DE PREPARACAO DE TERRENO, CULTIVO E COLHEITA
634;SERVICO DE PULVERIZACAO E CONTROLE DE PRAGAS AGRICOLAS
635;SERVICO DE TAXI
636;SERVICO DE TRANSPORTE DE PASSAGEIROS  LOCACAO DE AUTOMOVEIS COM MOTORISTA
637;SERVICO MOVEL ESPECIALIZADO  SME
638;SERVICOS ADVOCATICIOS
639;SERVICOS AMBULANTES DE ALIMENTACAO
640;SERVICOS COMBINADOS DE ESCRITORIO E APOIO ADMINISTRATIVO
641;SERVICOS DE ACABAMENTOS GRAFICOS, EXCETO ENCADERNACAO E PLASTIFICACAO
642;SERVICOS DE AGRONOMIA E DE CONSULTORIA AS ATIVIDADES AGRICOLAS E PECUARIAS
643;SERVICOS DE ALIMENTACAO PARA EVENTOS E RECEPCOES  BUFE
644;SERVICOS DE ALINHAMENTO E BALANCEAMENTO DE VEICULOS AUTOMOTORES
645;SERVICOS DE APOIO AO TRANSPORTE POR TAXI, INCLUSIVE CENTRAIS DE CHAMADA
646;SERVICOS DE ARQUITETURA
647;SERVICOS DE ASSISTENCIA SOCIAL SEM ALOJAMENTO
648;SERVICOS DE BORRACHARIA PARA VEICULOS AUTOMOTORES
649;SERVICOS DE CAPOTARIA
650;SERVICOS DE CARTOGRAFIA, TOPOGRAFIA E GEODESIA
651;SERVICOS DE CONFECCAO DE ARMACOES METALICAS PARA A CONSTRUCAO
652;SERVICOS DE DESENHO TECNICO RELACIONADOS A ARQUITETURA E ENGENHARIA
653;SERVICOS DE DIAGNOSTICO POR IMAGEM COM USO DE RADIACAO IONIZANTE, EXCETO TOMOGRAFIA
654;SERVICOS DE ENGENHARIA
655;SERVICOS DE ENTREGA RAPIDA
656;SERVICOS DE FUNERARIAS
657;SERVICOS DE INSTALACAO, MANUTENCAO E REPARACAO DE ACESSORIOS PARA VEICULOS AUTOMOTORES
658;SERVICOS DE LANTERNAGEM OU FUNILARIA E PINTURA DE VEICULOS AUTOMOTORES
659;SERVICOS DE LAVAGEM, LUBRIFICACAO E POLIMENTO DE VEICULOS AUTOMOTORES
660;SERVICOS DE MALOTE NAO REALIZADOS PELO CORREIO NACIONAL
661;SERVICOS DE MANUTENCAO E REPARACAO ELETRICA DE VEICULOS AUTOMOTORES
662;SERVICOS DE MANUTENCAO E REPARACAO MECANICA DE VEICULOS AUTOMOTORES
663;SERVICOS DE MONTAGEM DE MOVEIS DE QUALQUER MATERIAL
664;SERVICOS DE ORGANIZACAO DE FEIRAS, CONGRESSOS, EXPOSICOES E FESTAS
665;SERVICOS DE PINTURA DE EDIFICIOS EM GERAL
666;SERVICOS DE PREIMPRESSAO
667;SERVICOS DE PROTESE DENTARIA
668;SERVICOS DE REBOQUE DE VEICULOS
669;SERVICOS DE RESERVAS E OUTROS SERVICOS DE TURISMO NAO ESPECIFICADOS ANTERIORMENTE
670;SERVICOS DE TATUAGEM E COLOCACAO DE PIERCING
671;SERVICOS DE TRADUCAO, INTERPRETACAO E SIMILARES
672;SERVICOS DE TRATAMENTO E REVESTIMENTO EM METAIS
673;SERVICOS DE USINAGEM, TORNEARIA E SOLDA
674;SERVICOS ESPECIALIZADOS PARA CONSTRUCAO NAO ESPECIFICADOS ANTERIORMENTE
675;SOCIEDADE SEGURADORA DE SEGUROS NAO VIDA
676;SOCIEDADE SEGURADORA DE SEGUROS VIDA
677;SOCIEDADES DE CREDITO, FINANCIAMENTO E INVESTIMENTO  FINANCEIRAS
678;SOCIEDADES DE FOMENTO MERCANTIL  FACTORING
679;SUPORTE TECNICO, MANUTENCAO E OUTROS SERVICOS EM TECNOLOGIA DA INFORMACAO
680;TABACARIA
681;TESTES E ANALISES TECNICAS
682;TRANSPORTE ESCOLAR
683;TRANSPORTE POR NAVEGACAO DE TRAVESSIA, MUNICIPAL
684;TRANSPORTE RODOVIARIO COLETIVO DE PASSAGEIROS, COM ITINERARIO FIXO, INTERESTADUAL
685;TRANSPORTE RODOVIARIO COLETIVO DE PASSAGEIROS, COM ITINERARIO FIXO, INTERMUNICIPAL EM REGIAO METROPOLITANA
686;TRANSPORTE RODOVIARIO COLETIVO DE PASSAGEIROS, COM ITINERARIO FIXO, INTERMUNICIPAL, EXCETO EM REGIAO METROPOLITANA
687;TRANSPORTE RODOVIARIO COLETIVO DE PASSAGEIROS, COM ITINERARIO FIXO, MUNICIPAL
688;TRANSPORTE RODOVIARIO COLETIVO DE PASSAGEIROS, SOB REGIME DE FRETAMENTO, INTERMUNICIPAL, INTERESTADUAL E INTERNACIONAL
689;TRANSPORTE RODOVIARIO COLETIVO DE PASSAGEIROS, SOB REGIME DE FRETAMENTO, MUNICIPAL
690;TRANSPORTE RODOVIARIO DE CARGA, EXCETO PRODUTOS PERIGOSOS E MUDANCAS, INTERMUNICIPAL, INTERESTADUAL E INTERNACIONAL
691;TRANSPORTE RODOVIARIO DE CARGA, EXCETO PRODUTOS PERIGOSOS E MUDANCAS, MUNICIPAL
692;TRANSPORTE RODOVIARIO DE MUDANCAS
693;TRATAMENTO DE DADOS, PROVEDORES DE SERVICOS DE APLICACAO E SERVICOS DE HOSPEDAGEM NA INTERNET
694;TREINAMENTO EM DESENVOLVIMENTO PROFISSIONAL E GERENCIAL
695;TREINAMENTO EM INFORMATICA
