id_bairro;desc_bairro
1;1 ALIANCA
2;1 DISTRITO
3;1 SUBDISTRITO
4;2 DE JULHO
5;2 DISTRITO
6;5O DISTRITO
7;7 DE ABRIL
8;7 DE SETEMBRO
9;ABADIA
10;ABC
11;ABOLICAO
12;ABRANCHES
13;ABRANTES CAMACARI
14;ACAMPAMENTO
15;ACARACUZINHO
16;ACARI
17;ACAU CENTRO
18;ACLIMACAO
19;ACUPE DE BROTAS
20;ADELINO SIMIONI
21;ADHEMAR GARCIA
22;AEROCLUBE
23;AEROLANDIA
24;AEROPORTO
25;AEROPORTO INTERNACIONAL
26;AEROPORTO VELHO
27;AFLITOS
28;AFONSO PENA
29;AFONSO XIII
30;AGENOR DE LIMA
31;AGNELO BRAGA
32;AGOSTINHO SIMONATO
33;AGRESTE
34;AGROCAFEEIRA
35;AGRONOMIA
36;AGROVILA
37;AGROVILA IV
38;AGUA BOA
39;AGUA BRANCA
40;AGUA BRANCA I
41;AGUA CHATA
42;AGUA DA CRUZ E LEMBRADO
43;AGUA DA PIRAPITINGA
44;AGUA DA VALA
45;AGUA DA VARGINHA
46;AGUA DE MENINOS
47;AGUA DO CACADOR
48;AGUA DO CAMILO
49;AGUA DO CEDRO
50;AGUA DO FOGO
51;AGUA DO MATAO
52;AGUA DO MELCHIOR
53;AGUA DO SANTO ANTONIO
54;AGUA ESPRAIADA CAUCAIA DO ALTO
55;AGUA FRIA
56;AGUA FUNDA
57;AGUA LIMPA
58;AGUA PARADA
59;AGUA QUENTE
60;AGUA SANTA
61;AGUA VERDE
62;AGUADAS
63;AGUAS BRANCAS
64;AGUAS CLARAS
65;AGUAS COMPRIDAS
66;AGUAS FERVIDAS
67;AGUAS LINDAS
68;AGUAS NEGRAS
69;AGUAS NEGRAS ICOARACI
70;AGUDINHO
71;AGUIA DOURADA
72;AHU
73;AHU DE CIMA
74;ALAGOINHAS VELHA
75;ALAMEDA
76;ALCANTARA
77;ALDEIA
78;ALDEIA DE BARUERI
79;ALDEIA DOS CAMARAS
80;ALDEOTA
81;ALECRIM
82;ALEM LINHA
83;ALEMAES
84;ALEXANDRA
85;ALFA VILLE
86;ALFERES RODRIGUES
87;ALFREDO HENRIQUE SAMPAIO
88;ALFREDO NASCIMENTO
89;ALIANCA
90;ALIPIO DE MELO
91;ALMERINDA
92;ALOISIO PINTO
93;ALPHAVILLE
94;ALPHAVILLE INDUSTRIAL
95;ALTER DO CHAO
96;ALTEROSAS
97;ALTO
98;ALTO BOA VISTA
99;ALTO BONITO
100;ALTO CAFEZAL
101;ALTO CAICARAS
102;ALTO DA BOA VISTA
103;ALTO DA BONITA
104;ALTO DA CONCEICAO
105;ALTO DA ESPERANCA
106;ALTO DA GLORIA
107;ALTO DA MARAVILHA
108;ALTO DA POSSE
109;ALTO DA RUA XV
110;ALTO DA SERRA
111;ALTO DA VENTANIA
112;ALTO DAS FLORES
113;ALTO DE PINHEIROS
114;ALTO DO CARDOSO
115;ALTO DO CRISTO
116;ALTO DO FRADE
117;ALTO DO MATEUS
118;ALTO DO SAO FRANCISCO
119;ALTO DOS PASSOS
120;ALTO DOS PRAXEDES
121;ALTO ESPERANCA
122;ALTO GUARAMIRANGA
123;ALTO JOSE BONIFACIO
124;ALTO MARON
125;ALTO RIO POSSMOZER
126;ALTO SANTA MARIA
127;ALTO SAO JOAO
128;ALTO SAO PEDRO
129;ALTO SAO SEBASTIAO
130;ALTO SUMARE
131;ALTOS DA SANTA LUCIA
132;ALTOS DE JORDANESIA
133;ALTOS DE SAO PEDRO
134;ALVORADA
135;AMAMBAI
136;AMARAL
137;AMARAL RIBEIRO
138;AMARELO
139;AMAZONIA
140;AMBAI
141;AMERICA
142;AMERICANO
143;AMERICANOPOLIS
144;AMERICO SILVA
145;AMIZADE
146;AMOREIRAS
147;AMPARO
148;ANA NERY
149;ANA RECH
150;ANA RITA
151;ANCHIETA
152;ANCURI
153;ANDAIA
154;ANDRE CARLONI
155;ANGICOS
156;ANGOLA
157;ANHANGABAU
158;ANIL
159;ANITA GARIBALDI
160;ANNES
161;ANTIGO CAMPO DE POUSO
162;ANTONICO
163;ANTONIO BEZERRA
164;ANTONIO CONSELHEIRO
165;ANTONIO DIAS
166;ANTONIO DIOGO
167;ANTONIO PEREIRA
168;ANTONIO ZANAGA II
169;ANTUNES
170;APARECIDA
171;APARECIDINHA
172;APICUM
173;ARABA
174;ARACATUBA
175;ARACELI
176;ARAPONGUINHAS
177;ARAPORANGA
178;ARAXANS
179;ARCO IRIS
180;ARCOVERDE
181;AREA COMERCIAL
182;AREA INDUSTRIAL
183;AREA RURAL
184;AREADINHO
185;AREADO
186;AREAL
187;AREEIRO
188;AREIA
189;AREIA BRANCA
190;AREIA DOURADA
191;AREIAO
192;AREIAS
193;AREINHA
194;ARIGOLANDIA
195;ARIRANHA
196;ARIRIBA
197;ARIRIU
198;ARIRIU FORMIGA
199;ARMACAO
200;ARMACAO DO P DO SUL
201;ARMACAO DOS BUZIOS
202;ARNULFO ORFAO
203;AROEIRA
204;AROLDO CRUZ
205;AROPORTO VELHO
206;ARRAIAL DA AJUDA
207;ARRAIAL PAULISTA
208;ARROIO
209;ARROIO DA MANTEIGA
210;ARRUDA
211;ARTUR ALVIM
212;ASA BRANCA
213;ASA NORTE
214;ASA SUL
215;ASILO
216;ASSENT AGUA BRANCA
217;ASSENTAMENTO 26 DE OUTUBRO
218;ASSUNCAO
219;ASTECA SAO BENEDITO
220;ASTURIAS
221;ATAIDE
222;ATALAIA
223;ATALAIA VELHA
224;ATERRADO
225;AURA
226;AURORA
227;AUTRAN NUNES
228;AUXILIADORA
229;AVELINO ALVES PALMA
230;AVENIDA
231;AVIACAO
232;B 120 FAZENDINHA
233;B OURO F PAULISTA
234;B VERMELHO
235;BACACHERI
236;BACAXA
237;BACURI
238;BADENFURT
239;BAETA NEVES
240;BAGAGEM
241;BAGUARI
242;BAIRRO
243;BAIRRO AGUA DA PONTE ALTA
244;BAIRRO ALTO
245;BAIRRO ALTO BOQUEIRA
246;BAIRRO ARACOIABINHA
247;BAIRRO BOA VISTA
248;BAIRRO CALAMA
249;BAIRRO CAMPESTRE
250;BAIRRO CASTRIOTO
251;BAIRRO DA CACHOEIRA
252;BAIRRO DA CHAVE
253;BAIRRO DA GLORIA
254;BAIRRO DA PARAIBA
255;BAIRRO DA PONTE
256;BAIRRO DAS FURNAS
257;BAIRRO DAS GRACAS
258;BAIRRO DAS OLIVEIRAS
259;BAIRRO DE ITAVUVU
260;BAIRRO DO CAMPO
261;BAIRRO DO RECIFE
262;BAIRRO DOS AEROVIARIOS
263;BAIRRO DOS ESTADOS
264;BAIRRO DOS FRANCA
265;BAIRRO ENGENHO VELHO
266;BAIRRO EXPEDITO DE ALMEIDA NASCIMENTO
267;BAIRRO FAZENDA PEDRINHAS
268;BAIRRO FELIZ
269;BAIRRO GUARANY
270;BAIRRO GURIGICA
271;BAIRRO INDUSTRIAL NOVO TEMPO
272;BAIRRO MARIA ALVES
273;BAIRRO MORRO CHIC
274;BAIRRO NOBRE
275;BAIRRO NOVO
276;BAIRRO PARZIANELLO
277;BAIRRO SANTA GENOVEVA
278;BAIRRO SANTO ANTONIO
279;BAIRRO SAO CARLOS
280;BAIRRO SAO JOSE
281;BAIRRO SAO RAIMUNDO
282;BAIRRO SERRADINHO
283;BAIRRO SO JORGE
284;BAIRRO TAQUARAL ACIMA
285;BAIRRO VARZEA
286;BAIXA DE QUINTAS
287;BAIXADA
288;BAIXAO
289;BAIXO DA LAPA
290;BAIXOTE
291;BAIXOTES
292;BALNEARIO
293;BALNEARIO DAS CONCH
294;BALNEARIO DE ATLANTIDA
295;BALNEARIO IPANEMA
296;BALNEARIO ITAPOA
297;BALNEARIO JAPURA
298;BALNEARIO JOSEDY
299;BALNEARIO SAO JORGE
300;BANCARIOS
301;BANDEIRANTES
302;BANDIACU
303;BANEARIO DE BATEIAS
304;BANGU
305;BANHARAO
306;BARAO GERALDO
307;BARAUNA
308;BARBADO
309;BARBALHO
310;BARCELOS
311;BARNABE
312;BARNABES
313;BARONESA SAO BENEDITO
314;BARRA
315;BARRA AVENIDA
316;BARRA BONITA
317;BARRA DA TIJUCA
318;BARRA DE JANGADA
319;BARRA DO ARIRIU
320;BARRA DO CEARA
321;BARRA DO ITAPEMIRIM
322;BARRA DO RIACHO
323;BARRA DO RIO
324;BARRA DO SAI
325;BARRA FUNDA
326;BARRA GRANDE DO MATO GROSSO
327;BARRA ITAPEMIRIM
328;BARRAMARES
329;BARREIRINHA
330;BARREIRINHO
331;BARREIRO
332;BARREIRO DE BAIXO
333;BARREIRO DE CIMA
334;BARREIROS
335;BARRETO
336;BARRIS
337;BARRO AMARELO
338;BARRO PRETO
339;BARRO VERMELHO
340;BARROCA FUNDA
341;BARROCAO
342;BARROQUINHA
343;BARROSO
344;BATEIAS
345;BATEL
346;BATISTA CAMPOS
347;BATISTAS
348;BAU
349;BEBEDOURO
350;BEBELANDIA
351;BEBERIBE
352;BEIRA D AGUA
353;BEIRA MAR
354;BEIROL
355;BEL RECANTO
356;BELA ALIANCA
357;BELA AURORA
358;BELA SUICA
359;BELA VISTA
360;BELA VISTA I
361;BELA VISTA SUL
362;BELEM VELHO
363;BELENZINHO
364;BELLA VISTA
365;BELLO
366;BELO HORIZONTE
367;BELVEDERE
368;BELVEDERES
369;BEM BOM
370;BENEDITO INDAIAL
371;BENFICA
372;BEQUIMAO
373;BERNARDO MONTEIRO
374;BESSA
375;BETA
376;BETANIA
377;BETARAS
378;BETEL
379;BETHANIA
380;BICANGA
381;BIRRO FRAGA
382;BNH
383;BOA ESPERANCA
384;BOA SORTE
385;BOA VIAGEM
386;BOA VISTA
387;BOA VISTA DE SAO CAETANO
388;BOCA DO RIO
389;BODANESE
390;BOEHMERWALD
391;BOICUCANGA
392;BOLACHA
393;BOM FIM
394;BOM FUTURO
395;BOM JARDIM
396;BOM JESUS
397;BOM JESUS DO BAGRE
398;BOM PASTOR
399;BOM PRINCIPIO
400;BOM RETIRO
401;BOM SUCESSO
402;BOMBA
403;BOMBAS
404;BOMFIM
405;BONFIM
406;BONFIM PAULISTA
407;BONJI
408;BONSUCESSO
409;BOQUEIRAO
410;BORA
411;BORACEIA
412;BORDA DO CAMPO
413;BORORE
414;BOSQUE
415;BOSQUE DA SAUDE
416;BOSQUE DO VIANNA
417;BOSQUE DOS EUCALIPTOS
418;BOTAFOGO
419;BOTAFOGO JUSTINOPOLIS
420;BOTELHO
421;BOTUCARAI
422;BOTUJURU
423;BOUQUEIRAO
424;BPS
425;BR 163
426;BRACO DO TROMBUDO
427;BRAGANCA PAULISTA
428;BRAS
429;BRAS CUBAS
430;BRAS DE PINA
431;BRASIL
432;BRASILANDIA
433;BRASILIA
434;BRASILIA TEIMOSA
435;BRASILIANO
436;BRASILIT
437;BRAUNES
438;BRAZ DE PINA
439;BRAZLANDIA
440;BREJAO
441;BRILHANTE
442;BRITADEIRA
443;BROMELIAS
444;BROOKLIN
445;BROOKLIN NOVO
446;BROOKLIN PAULISTA
447;BROTAS
448;BUCAREIN
449;BURGO PAULISTA
450;BURITIRAMA
451;BURITIS
452;BUTANTA
453;C MANGABEIRA VII
454;CABANAGEM
455;CABREUVA
456;CABULA
457;CABULA VI
458;CACHAMBI
459;CACHOEIRA
460;CACHOEIRA ALEGRE
461;CACHOEIRA DA ONCA
462;CACHOEIRA DO BOM JESUS
463;CACHOEIRA DO CAMPO
464;CACHOEIRA DO VALE
465;CACHOEIRA DOS PINTOS
466;CACHOEIRINHA
467;CACOAL
468;CACUIA
469;CADEIA VELHA
470;CAETES VELHO
471;CAICARAS
472;CAIOBA
473;CAIPE DE CIMA
474;CAIS DO PORTO
475;CAJU
476;CAJUEIRO
477;CAJUEIRO SECO
478;CAJUEIROS
479;CAJURU
480;CALAFATE
481;CALDAS
482;CALHAU
483;CALHEIROS
484;CALIFORNIA
485;CALMON VIANA
486;CALUMBI
487;CAMACARI
488;CAMARGOS
489;CAMBO VELHO
490;CAMBUCI
491;CAMBUI
492;CAMBURY
493;CAMILOPOLIS
494;CAMINHO DAS ARVORES
495;CAMOBI
496;CAMPECHE
497;CAMPESTRE
498;CAMPINA
499;CAMPINA DA BARRA
500;CAMPINA DO BARRETO
501;CAMPINA DO SIQUEIRA
502;CAMPINA DOS PRETOS
503;CAMPINAL
504;CAMPINAS
505;CAMPINAS DE BROTAS
506;CAMPINHO
507;CAMPO ALEGRE
508;CAMPO BELO
509;CAMPO COMPRIDO
510;CAMPO DE AVIACAO
511;CAMPO DE SANTANA
512;CAMPO DO GADO
513;CAMPO GRANDE
514;CAMPO LARGO ROSEIRA
515;CAMPO LIMPO
516;CAMPO REAL II
517;CAMPO VELHO
518;CAMPO VERDE
519;CAMPO VICENTE
520;CAMPOS ELISEOS
521;CAMPPO
522;CAMPUS
523;CANAA
524;CANAA I
525;CANABARRO
526;CANADA
527;CANARINA
528;CANASVIEIRAS
529;CANDEAL
530;CANDEIAS
531;CANDELARIA
532;CANDIOTA
533;CANECAO
534;CANELEIRA
535;CANGAIBA
536;CANGO
537;CANHEMA
538;CANINDE
539;CANTA GALO
540;CANTAGALO
541;CANTO DO FORTE
542;CANTO DO MAR
543;CANUDOS
544;CAP PEDRO SAMPAIO
545;CAPAO DA IMBUIA
546;CAPAO NOVO
547;CAPAO RASO
548;CAPAO REDONDO
549;CAPELA DO PISSARAO
550;CAPELA DO SOCORRO
551;CAPIBARIBE
552;CAPIM FINO
553;CAPITUBA
554;CAPIVARA
555;CAPIVARI
556;CAPIVARI CACHOEIRA
557;CAPUAVA
558;CARACOL
559;CARAGUAVA
560;CARAJAS
561;CARAMUJO
562;CARANA
563;CARANDIRU
564;CARANGOLA
565;CARAPINA
566;CARAVELAS
567;CARDOSO CONTINUACAO
568;CARIACICA SEDE
569;CARIANOS
570;CARIJO
571;CARIJOS
572;CARLITO PAMPLONA
573;CARLOS PRATES
574;CARMO
575;CARNIEL
576;CARREIROS
577;CASA
578;CASA AMARELA
579;CASA FORTE
580;CASA GRANDE
581;CASA VERDE
582;CASA VERDE ALTA
583;CASAS POPULARES
584;CASCADURA
585;CASCALHO
586;CASCATA
587;CASCATINHA
588;CASEB
589;CASSINO
590;CASTANHO
591;CASTELANDIA
592;CASTELO
593;CASTELO BRANCO
594;CATARINENSE
595;CATHARINA ZANAGA
596;CATOLE
597;CATUABA
598;CATUNDA
599;CAVALHADA
600;CAXAMBU
601;CAXANGA
602;CAXIMBA
603;CAXUXA
604;CDHU
605;CECAP
606;CEILANDIA
607;CEILANDIA NORTE CEILANDIA
608;CEILANDIA SUL
609;CEILANDIA SUL CEILANDIA
610;CEMTRO
611;CENTENARIO
612;CENTRAL
613;CENTRAL PARK
614;CENTRO
615;CENTRO ALTO
616;CENTRO ARCADAS
617;CENTRO CIVICO
618;CENTRO COMERCIAL
619;CENTRO DE TREINAM
620;CENTRO HISTORICO
621;CENTRO IBIRAJA
622;CENTRO INDUSTRIAL
623;CENTRO INDUSTRIAL DO CERRADO
624;CENTRO MANILHA
625;CENTRO NORTE
626;CENTRO OESTE
627;CENTRO PIRABEIRABA
628;CENTRO SUL
629;CENTROQ
630;CERAMICA
631;CERQUEIRA CESAR
632;CERRADO
633;CERVEZAO
634;CESTOL
635;CEU AZUL
636;CEU AZUL II
637;CEZAR DE PINA
638;CHAC RURAIS S MARIA
639;CHACARA
640;CHACARA AGRINDUS
641;CHACARA AVIACAO
642;CHACARA CANTA GALO
643;CHACARA DA BARRA
644;CHACARA DA LUA
645;CHACARA DAS PAINEIRAS
646;CHACARA DAS UVAS
647;CHACARA DO ITAIM
648;CHACARA DO PILAR
649;CHACARA DO VISCONDE
650;CHACARA FLORA
651;CHACARA HORIZONTE
652;CHACARA INGLESA
653;CHACARA MALOTA
654;CHACARA SANTA ETELVINA
655;CHACARA SANTO ANTONIO ZONA SUL
656;CHACARA SAO JOAO
657;CHACARA SAO LUIS
658;CHACARA SEIS DE OUTUBRO
659;CHACARA TRES MARIAS
660;CHACARAS CAMPOS DOS AMARAIS
661;CHACARAS MARIA INES
662;CHACARAS SAO BENTO
663;CHAFARIZ
664;CHAME
665;CHAMPAGNAT
666;CHAPADA
667;CHARNECA
668;CHARQUEADA
669;CHORA MENINO
670;CIA I
671;CIC
672;CICERO DIAS II
673;CIDADE 2000
674;CIDADE ADEMAR
675;CIDADE ALEGRIA
676;CIDADE ALTA
677;CIDADE ANTONIO ESTEVAO DE CARVALHO
678;CIDADE ARACY
679;CIDADE ARISTON
680;CIDADE BAIXA
681;CIDADE BELA
682;CIDADE DA ESPERANCA
683;CIDADE DE DEUS
684;CIDADE DOS FUNCIONARIOS
685;CIDADE EDSON
686;CIDADE INDUSTRIAL
687;CIDADE INDUSTRIAL CURITIBA
688;CIDADE INDUSTRIAL SATELITE DE SAO PAULO
689;CIDADE INTERCAP
690;CIDADE JARDIM
691;CIDADE JARDIM CUMBICA
692;CIDADE KEMEL
693;CIDADE LESTE
694;CIDADE LIDER
695;CIDADE MONCOES
696;CIDADE MORUMBI
697;CIDADE NAUTICA
698;CIDADE NOVA
699;CIDADE NOVA DA SERRA
700;CIDADE NOVA I
701;CIDADE NOVA II
702;CIDADE NOVA III
703;CIDADE OLIMPICA
704;CIDADE OPERARIA
705;CIDADE PARQUE ALVORADA
706;CIDADE PATRIARCA
707;CIDADE POPULAR
708;CIDADE SAO JORGE
709;CIDADE SAO MATEUS
710;CIDADE SATELITE
711;CIDADE SATELITE SAO LUIZ
712;CIDADE SERODIO
713;CIDADE SOBERANA
714;CIDADE SUL I
715;CIDADE TIRADENTES
716;CIDADE UNIVERSITARIA
717;CIDADE VERA CRUZ
718;CIDEZAL II
719;CINQUENTENARIO
720;CIPAVA
721;CIVIT II
722;CJTO AQUILA
723;CLAUDETE
724;COACU
725;COAHB II
726;COCAIA
727;COCO
728;COELHO DA ROCHA
729;COHAB
730;COHAB 2
731;COHAB ANIL II
732;COHAB B
733;COHAB CONJUNTO HABITACIONAL POPULINA D
734;COHAB CRIS I
735;COHAB II
736;COHAB III
737;COHAB L U A
738;COHAB MARINGA
739;COHAB NOVA
740;COHAMA
741;COHAPAR
742;COHAPAR I
743;COHAPAR III
744;COHATRAC II
745;COL AGRIC VIC PIRES
746;COL N S APARECIDA
747;COL NOVA BESSARABIA
748;COLEGIO BATISTA
749;COLINA DE LARANJEIRAS
750;COLINA DO JARDIM GLORIA
751;COLINA DOS PINHEIROS
752;COLINA NOSSA SENHORA DAS GRACAS
753;COLINA VERDE
754;COLONIA
755;COLONIA FRANCESA
756;COLONIA PINHAL
757;COLONIA SANTO ANTONIO
758;COLONIA ZONA LESTE
759;COLONIAL
760;COLUBANDE
761;COMENDADOR SOARES
762;COMERCIAL
763;COMERCIARIO
764;COMERCIO
765;COMISSAO
766;COMPENSA
767;CONCEICAO
768;CONCEICAO DA IBITIPOCA
769;CONCEICAO DA PRAIA
770;CONCEICAO DO BARREIRO
771;CONCORDIA
772;CONDOMINIO ITAMARATY
773;CONDOMINIO MARACANA
774;CONDOMINIO PORTAL DE ITU
775;CONDOMINIO RESIDENCIAL URUPES
776;CONDOR
777;CONFORTO
778;CONGOS
779;CONJ AGUA BRANCA
780;CONJ AQUILA
781;CONJ CONEGO MONTE
782;CONJ H MONS MANCINI
783;CONJ HAB 23 MAIO
784;CONJ HABITACIONAL MARIO COVAS
785;CONJ JEREISSATI
786;CONJ NOVO CENTAURO
787;CONJ ORLANDO DANTAS
788;CONJUNTO ACARACUZINHO
789;CONJUNTO ALDO PAES LEME
790;CONJUNTO BUGIO
791;CONJUNTO CAFEZAL 1
792;CONJUNTO CAIEIRAS
793;CONJUNTO CEARA
794;CONJUNTO CEARA I
795;CONJUNTO CONFISCO
796;CONJUNTO CRISTO REI
797;CONJUNTO FARID LIBOS
798;CONJUNTO HAB INOC V NOVA JUNIOR
799;CONJUNTO HABITACIONAL AGUIA DE HAIA
800;CONJUNTO HABITACIONAL ANA PAULA ELEUTERIO
801;CONJUNTO HABITACIONAL COSTA DO SOL
802;CONJUNTO HABITACIONAL GILBERTO ROSSETTI
803;CONJUNTO HABITACIONAL HILDA MANDARINO
804;CONJUNTO HABITACIONAL HUGO LACORTE VITALLE I
805;CONJUNTO HABITACIONAL INOCENTE VILA NOVA JUNIOR
806;CONJUNTO HABITACIONAL MANOEL DE ABREU
807;CONJUNTO HABITACIONAL NELSON NIERO
808;CONJUNTO HABITACIONAL PARQUE ITAJAI
809;CONJUNTO HABITACIONAL PEDRO AFONSO JUNQUEIRA
810;CONJUNTO HABITACIONAL SAADA NADER ABI CHEDID
811;CONJUNTO HABITACIONAL SANTA ETELVINA II
812;CONJUNTO HABITACIONAL SAO BENTO
813;CONJUNTO HABITACIONAL SETOR B
814;CONJUNTO HABITACIONAL TEOTONIO VILELA
815;CONJUNTO JOAO BERBEL
816;CONJUNTO JOAZ SOUZA
817;CONJUNTO LEA ARCHER
818;CONJUNTO MARCOS MOURA
819;CONJUNTO METROPOLITANO
820;CONJUNTO NOVO HORIZONTE
821;CONJUNTO PALMEIRAS
822;CONJUNTO PALMITAL SAO BENEDITO
823;CONJUNTO PAULO VI
824;CONJUNTO RESIDENCIAL GALO BRANCO
825;CONJUNTO RESIDENCIAL IPIRANGA
826;CONJUNTO RESIDENCIAL JARDIM CANAA
827;CONJUNTO RESIDENCIAL JOSE BONIFACIO
828;CONJUNTO RESIDENCIAL MURIBECA
829;CONJUNTO RESIDENCIAL SANTA TEREZINHA
830;CONJUNTO RIVIERA
831;CONJUNTO SAMAUMA
832;CONJUNTO SAO CRISTOVAO
833;CONJUNTO SITIO SAO PEDRO
834;CONJUNTO TAQUARIL
835;CONJUNTO TUNEL IBIRITE BARREIRO
836;CONJUNTO UNIAO
837;CONJUNTO VERA CRUZ
838;CONRADINHO
839;CONSELHEIRO PAULINO
840;CONSOLACAO
841;CONSOLATA
842;CONTORNO
843;COOPHASUL
844;COPACABANA
845;COPIOBA
846;COQUEIRAL
847;COQUEIRO
848;CORACAO DE JESUS
849;CORACAO EUCARISTICO
850;CORADI
851;CORAL
852;CORDEIRO
853;CORDEIROS
854;CORDOVIL
855;COROA DO MEIO
856;COROADINHO
857;COROADO
858;CORONEL ANTONINO
859;CORONEL JOSE PINTO
860;CORREGO CATETO
861;CORREGO COMPRIDO
862;CORREGO DA ABELHA
863;CORREGO DA ANTINHA
864;CORREGO DA PERDIZ
865;CORREGO DAS CRUZES
866;CORREGO DO AGRIAO
867;CORREGO DO ARCO
868;CORREGO DO COQUEIRO
869;CORREGO DO ENGANO
870;CORREGO DO ESTREITO
871;CORREGO DO JATAI
872;CORREGO DO JAU
873;CORREGO DO PRATA
874;CORREGO FORTE
875;CORREGO GRANDE
876;CORREGO MACAUBAL
877;CORREGO PADUA DINIZ
878;CORREGO SALTINHO
879;CORREGO SAO ROBERTO
880;CORREGO SECO
881;CORREGO SERTAO DOS INACIOS
882;COSME DE FARIAS
883;COSME E DAMIAO
884;COSTA E SILVA
885;COSTA RIOS
886;COTIANOS
887;COUTOS
888;COXILHA VELHA
889;COXIPO
890;CPA 3
891;CREMACAO
892;CRISTAL
893;CRISTO REDENTOR
894;CRISTO REI
895;CRUZ
896;CRUZ DAS ALMAS
897;CRUZ DE REBOUCAS
898;CRUZ GRANDE
899;CRUZ PILARZINHO
900;CRUZEIRO
901;CRUZEIRO ICOARACI
902;CRUZEIRO VELHO
903;CUIABA
904;CURICICA
905;CURITIBANOS
906;CUSTODIO PEREIRA
907;D E R
908;D I A
909;D JULIETA
910;DA GRACA
911;DA LAGOA
912;DA PAZ
913;DA PENHA
914;DA VITORIA
915;DAIA
916;DAMAS
917;DANIEL FONSECA
918;DARCY VARGAS
919;DARIO LASSANCE
920;DAS FLORES
921;DAS FORQUILHAS
922;DAS NACOES
923;DAS PALMEIRAS
924;DE LOURDES
925;DEL CASTILHO
926;DELTA
927;DEMARCHI
928;DERALDO ALVES
929;DERBY
930;DESVIO RIZZO
931;DIAMANTE
932;DIAMANTINO
933;DIAS MACEDO
934;DIC IV CONJUNTO HABITACIONAL LECH WALESA
935;DIC V
936;DIOGO MACHADO DE ARAUJO
937;DIONISIO TORRES
938;DIQUE DE CAXIAS I
939;DIST A INDUSTRIAL
940;DIST CALDEIRAO DO ALMEIDA
941;DIST INDL SENADOR CANEDO
942;DIST INDUSTRIAL
943;DIST INDUSTRIAL I
944;DIST MONTE VERDE
945;DISTR INDUSTRIAL
946;DISTRITO
947;DISTRITO DE ALFREDO GUEDES
948;DISTRITO DE ALTO GUARAJUS
949;DISTRITO DE CAMBARATIBA
950;DISTRITO DE CARIUTABA
951;DISTRITO DE CORVO BRANCO 2
952;DISTRITO DE LACIO
953;DISTRITO DE PIQUIRI
954;DISTRITO DE PIRAMBOIA
955;DISTRITO DE PIRANGI
956;DISTRITO DE REVES DO BELEM
957;DISTRITO DE SAO JOSE DOS BANDEIRANTES
958;DISTRITO DE TUIUTY
959;DISTRITO DE VERMELHO
960;DISTRITO INDUSTRIAL
961;DISTRITO INDUSTRIAL BRASIL CENTRAL
962;DISTRITO INDUSTRIAL DE ICOARACI
963;DISTRITO INDUSTRIAL DIPER
964;DISTRITO INDUSTRIAL I
965;DISTRITO INDUSTRIAL II
966;DISTRITO INDUSTRIAL PINDORAMA
967;DISTRITO INDUSTRIAL TERRA PRETA
968;DIVINEIA
969;DIVINOPOLIS
970;DIX SEPT ROSADO
971;DO BRAZ
972;DO GRAMADO
973;DO TURVO
974;DODGE
975;DOIS CARNEIROS
976;DOIS CORREGOS
977;DOIS DE JULHO
978;DOIS DE JULHO CENTRO
979;DOM AQUINO
980;DOM AVELAR
981;DOM BOSCO
982;DOM CONSTANTINO
983;DOM JOAO VI
984;DOM JOAQUIM
985;DOM LAFAIETE
986;DOM LAFAYETE LIBANIO
987;DOM LUSTOSA
988;DOM PEDRO
989;DOM RODRIGO
990;DOM SILVERIO
991;DOMINGOS OLIMPIO
992;DOMINGOS ZEMA
993;DONA CLARA
994;DONA NAIR C NUNES
995;DORNELAS
996;DOS ABREUS
997;DOS ALVES
998;DOS CARVALHOS
999;DOS CASA
1000;DOS CLEMENTES
1001;DOS ESTADOS
1002;DOS FRANCISCOS
1003;DOS LEITES
1004;DOS MUNICIPIOS
1005;DOS PIMENTAS
1006;DOS PINTOS
1007;DOUTOR AYUB
1008;DOUTOR LUND
1009;DOUTOR SILVIO BOTELHO
1010;DT CAMARA
1011;DUAS PONTES
1012;DURVAL DE BARROS
1013;DUTRA
1014;EDSON MORORO MOURA
1015;EDSON QUEIROZ
1016;EDUCANDOS
1017;EFAPI
1018;EGISTO RAGAZZO
1019;EIXO MONUMENTAL
1020;ELDORADO
1021;ELEUTERIO
1022;EMAUS
1023;EMBARE
1024;EMBRATEL
1025;EMBURA
1026;EMERENCIO
1027;EMPRESA
1028;ENCANTADO
1029;ENCRUZILHADA
1030;ENGENHEIRO JOFRE PARADA
1031;ENGENHEIRO PEDREIRA
1032;ENGENHEIRO VERAS
1033;ENGENHO NOGUEIRA
1034;ENGENHO PEQUENO
1035;ENGENHO VELHO DA FEDERACAO
1036;ENGENHO VELHO DE BROTAS
1037;ENGOMADEIRA
1038;ENSEADA DAS GARCAS
1039;ENSEADA DO SUA
1040;ERLAN
1041;ERMELINDA
1042;ERNANI SATIRO
1043;ERNESTO GEISEL
1044;ERVAL VELHO
1045;ESPERANCA
1046;ESPIGAO D OESTE
1047;ESPIGAO DO BUGRE
1048;ESPINHEIRO
1049;ESPINHEIROS
1050;ESPIRITO SANTO
1051;ESPLANADA
1052;ESPLANADA DOS BARREIROS
1053;ESPLANADA PRIMO MENEGHETI
1054;ESTACAO
1055;ESTADIO
1056;ESTADOS
1057;ESTALAGEM
1058;ESTANCIA
1059;ESTANCIA CAICARA
1060;ESTANCIA DAS PAINEIRAS
1061;ESTANCIA DOS BURITIS
1062;ESTANCIA ITAICI II
1063;ESTANCIA LINCE
1064;ESTANCIA PINHAIS
1065;ESTANCIA VELHA
1066;ESTIVA
1067;ESTORIL
1068;ESTRADA
1069;ESTRADA 14
1070;ESTRADA DO FEIJAO
1071;ESTRADA GRAMAL
1072;ESTRADA OSORIO
1073;ESTRADA SEIS
1074;ESTREITO
1075;ESTRELA D ALVA
1076;ESTRELA DALVA II
1077;ETAPA E
1078;EUNAPOLIS
1079;EXPOSICAO
1080;EXTREMIDADE
1081;EXTREMOZ
1082;EYMARD
1083;FABRICA
1084;FABRICAS
1085;FANNY
1086;FARIAS BRITO
1087;FAROL
1088;FAROLANDIA
1089;FATIMA
1090;FAZ A DE COUTOS III
1091;FAZENDA AGUA VERMELHA
1092;FAZENDA COUTOS
1093;FAZENDA D OUTRO LADO
1094;FAZENDA DA ILHA
1095;FAZENDA DOS COQUEIROS
1096;FAZENDA GRANDE
1097;FAZENDA GRANDE DO RETIRO
1098;FAZENDA GRANDE II
1099;FAZENDA HUMAITA
1100;FAZENDA RANCHO ALEGRE
1101;FAZENDA RIO VERDE
1102;FAZENDA SANTA IRMA
1103;FAZENDA SANTA ISABEL
1104;FAZENDA SANTO ANTONIO
1105;FAZENDA SAO JOAO
1106;FAZENDA SAO JOSE
1107;FAZENDA VELHA
1108;FAZENDINHA
1109;FEDERACAO
1110;FEIRA DE GADO
1111;FEITAL
1112;FEITOSA
1113;FELICIA
1114;FELICIDADE
1115;FELIPE CAMARAO
1116;FELIX TOMAZ
1117;FERNAO DIAS
1118;FERRAROPOLIS
1119;FERROVIARIO
1120;FERRUGEM
1121;FEU ROSA
1122;FIGUEIRA
1123;FILOMENA
1124;FLAMENGO
1125;FLAMENGO JUSTINOPOLIS
1126;FLECHEIRAS
1127;FLORAMAR
1128;FLORES
1129;FLORESTA
1130;FLORIDA
1131;FONTE DOS JESUITAS
1132;FONTE NOVA
1133;FORMOSINHA
1134;FORQUETA
1135;FORTALEZA
1136;FRAGATA
1137;FRANCISCO
1138;FRANCISCO CASTILHO
1139;FRANCISCO PUPIN
1140;FREGUESIA
1141;FREGUESIA DO O
1142;FREGUESIA JACAREPAGUA
1143;FREI DAMIAO
1144;FRIBURGO
1145;FRIMISA
1146;FRUTAL
1147;FUNCIONARIOS
1148;FUNDACAO
1149;FUNDO DO CAMPO
1150;FUNDOS
1151;GAGE
1152;GAIBU
1153;GALEAO
1154;GALOPOLIS
1155;GAMA
1156;GARAVELO RESIDENCIAL PARK
1157;GARCIA
1158;GARDENIA
1159;GARRAFAO
1160;GAVEA
1161;GAZZINELANDIA
1162;GETULIO VARGAS
1163;GILBERTO MESTRINHO
1164;GIOVANINI
1165;GLEBA B
1166;GLEBA CALIFORNIA
1167;GLEBA DO PESSEGO
1168;GLEBA PATRIMONIO MARINGA
1169;GLEBA RIBEIRAO MORANGUEIRO
1170;GLEBAS NATALINAS
1171;GLORIA
1172;GLORINHA
1173;GODINHOS
1174;GOIA
1175;GOMES CARNEIRO
1176;GONZAGA
1177;GONZAGA DE CAMPOS
1178;GONZAGUINHA
1179;GOPOUVA
1180;GOV FERRAZ
1181;GRACA
1182;GRACAS
1183;GRAGERU
1184;GRAJAU
1185;GRALHA AZUL
1186;GRAMADINHO
1187;GRAMADO
1188;GRAMAME
1189;GRAND PARK
1190;GRANJA ESPERANCA
1191;GRANJA JULIETA
1192;GRANJA LISBOA
1193;GRANJA OLGA I
1194;GRANJA PORTUGAL
1195;GRANJA VIANA
1196;GRAVATA
1197;GRUTA DE LOURDES
1198;GUABIROTUBA
1199;GUADALUPE
1200;GUAIANAS
1201;GUAIANAZES
1202;GUAIRA
1203;GUAIRACA
1204;GUAJUVIRA
1205;GUAJUVIRAS
1206;GUAMA
1207;GUANABARA
1208;GUANANDI
1209;GUANDU
1210;GUAPORANGA
1211;GUARA
1212;GUARA 1
1213;GUARA I
1214;GUARA II
1215;GUARANI MIRIM
1216;GUARAPIRANGA
1217;GUARARAPES
1218;GUARAREMA
1219;GUARATIBA
1220;GUARAU
1221;GUARDA DOS FERREIROS
1222;GUARIBAS
1223;GUARITUBA
1224;GUARUJA
1225;GUIRAI
1226;GURIRI NORTE
1227;GURUPI
1228;GUTIERREZ
1229;HARAS PAINEIRAS
1230;HARMONIA
1231;HAUER
1232;HAVAI
1233;HELENA MARIA
1234;HELIO FERRAZ
1235;HELIOPOLIS
1236;HENNEMAN
1237;HENRIQUE JORGE
1238;HIGIENOPOLIS
1239;HIPICA
1240;HONORIO FRAGA
1241;HORTENCIA
1242;HORTO
1243;HORTO FLORESTAL
1244;HUGO LANGE
1245;HUMAITA
1246;HUMAITA DE CIMA
1247;HUNGRIA
1248;I B C
1249;IBIRAQUERA
1250;IBITU
1251;ICARAI
1252;ICUI GUAJARA
1253;IDEAL
1254;IGAPO
1255;IGARA
1256;IGATU
1257;IGUACU
1258;IGUAPE
1259;ILHA DE SANTA LUZIA
1260;ILHA DOS ARAUJOS
1261;ILHA PORCHAT
1262;ILHOTA
1263;IMBASSAI
1264;IMBASSAI GRANDE
1265;IMBASSAY
1266;IMBAUBAS
1267;IMBETIBA
1268;IMBIRIBEIRA
1269;IMBIRUCU
1270;IMERATRIZ
1271;IMIGRACAO
1272;IMIGRANTES
1273;IMIRIM
1274;IMOVEL PEDREGULHAL
1275;INA
1276;INAMAR
1277;INCONFIDENTES
1278;INDAIA
1279;INDEPENDENCIA
1280;INDEPENDENCIA DAS MANSOES
1281;INDIANOPOLIS
1282;INDUSTRIAL
1283;INDUSTRIAL 3 SECAO
1284;INDUSTRIAL I
1285;INDUSTRIAS
1286;INGAS OU PITANGUEIRAS
1287;INGLESES DO RIO VERMELHO
1288;INOA
1289;INOCOOP
1290;INTERIOR
1291;INTERLAGOS
1292;INTERLAGOS I
1293;INTERMARES
1294;INTERVENTORIA
1295;INVERNADA DO MATADOURO
1296;IPANEMA
1297;IPEROBA
1298;IPES
1299;IPIRANGA
1300;IPSEP
1301;IPUTINGA
1302;IRAJA
1303;IRIRIU
1304;ITABAIANA
1305;ITABATAN
1306;ITACOLOMI
1307;ITACORUBI
1308;ITACURUCA
1309;ITAGACABA
1310;ITAGUACU
1311;ITAIBA
1312;ITAIGARA
1313;ITAIM BIBI
1314;ITAIM PAULISTA
1315;ITAIMBE
1316;ITAIPAVA
1317;ITAIPU
1318;ITAIPU BARREIRO
1319;ITAMARATI
1320;ITANHANGA
1321;ITAOCA
1322;ITAPARICA
1323;ITAPEBUCU
1324;ITAPEBUSSU
1325;ITAPECHINGA
1326;ITAPECURU
1327;ITAPEGICA V HERMINA
1328;ITAPERI
1329;ITAPIRUMBA
1330;ITAPOA
1331;ITAPOCU
1332;ITAPUA
1333;ITAQUERA
1334;ITAQUI
1335;ITARARE
1336;ITAUM
1337;ITAUNA
1338;ITINGA
1339;ITOUPAVA CENTRAL
1340;ITOUPAVA NORTE
1341;ITOUPAVA SECA
1342;ITOUPAVAZINHA
1343;IVETTE GUERREIRO DANIEL
1344;IVOTURUCAIA
1345;J DAS MANGUEIRAS
1346;J NADIR
1347;J S ANGELINA
1348;J TV
1349;JABAQUARA
1350;JABOTIANA
1351;JABURUNA
1352;JABUTI
1353;JACANA
1354;JACARAIPE
1355;JACARE
1356;JACARECANGA
1357;JACAREPAGUA
1358;JACINTINHO
1359;JACUBA
1360;JACUTINGA
1361;JADIM URANIA I
1362;JAGUARE
1363;JAGUARIBE
1364;JAMAPARA
1365;JANGADINHA
1366;JANGURUSSU
1367;JAPIIM
1368;JAPOMERIM
1369;JAPUIBA
1370;JAPUIBA CUNHAMBEBE
1371;JAQUEIRA
1372;JAQUELINE
1373;JARACATY
1374;JARAGUA
1375;JARAGUA 99
1376;JARAGUA ESQUERDO
1377;JARDELINO RAMOS
1378;JARDIM
1379;JARDIM ABC
1380;JARDIM ACAPULCO
1381;JARDIM ADEMAR
1382;JARDIM ADRIANA
1383;JARDIM ADRIANE
1384;JARDIM AERO RANCHO
1385;JARDIM AERODROMO
1386;JARDIM AERONAVE DE VIRACOPOS
1387;JARDIM AEROPORTO
1388;JARDIM AEROPORTO III
1389;JARDIM AGARI
1390;JARDIM AGUA BOA
1391;JARDIM AGUAS CLARAS
1392;JARDIM AIMORE
1393;JARDIM AIRES DA COSTA
1394;JARDIM ALBERTO
1395;JARDIM ALFREDO
1396;JARDIM ALGARVE
1397;JARDIM ALICE
1398;JARDIM ALPINO
1399;JARDIM ALTO DA SERRA
1400;JARDIM ALVORADA
1401;JARDIM AMERICA
1402;JARDIM AMERICA II
1403;JARDIM AMERICA III
1404;JARDIM AMOREIRAS
1405;JARDIM ANA ESTELA
1406;JARDIM ANA LUCIA
1407;JARDIM ANA MARIA
1408;JARDIM ANDARAI
1409;JARDIM ANDERE
1410;JARDIM ANGELA
1411;JARDIM ANGELA ZONA LESTE
1412;JARDIM ANGELA ZONA SUL
1413;JARDIM ANGELICA
1414;JARDIM ANSALCA
1415;JARDIM ANTONIO JOSE TRINDADE
1416;JARDIM ANTUERPIA
1417;JARDIM ANZAI
1418;JARDIM APARECIDA
1419;JARDIM AQUARIUS
1420;JARDIM ARACAGY
1421;JARDIM ARAGUAIA
1422;JARDIM ARAUCARIAS
1423;JARDIM ARAUJO
1424;JARDIM ARCHILA
1425;JARDIM ARCO IRIS
1426;JARDIM ARTUR ALVIM
1427;JARDIM ATALAIA
1428;JARDIM ATLANTICO
1429;JARDIM ATLANTICO I
1430;JARDIM ATLANTICO III ETAPA
1431;JARDIM AURENY IV
1432;JARDIM AURORA
1433;JARDIM AVELINO
1434;JARDIM BANDEIRANTES
1435;JARDIM BEIRA RIO
1436;JARDIM BELA VISTA
1437;JARDIM BELCITO
1438;JARDIM BELMONTE
1439;JARDIM BELO HORIZONTE
1440;JARDIM BELVEDERE I
1441;JARDIM BERMEJO
1442;JARDIM BERTANHA
1443;JARDIM BETANIA
1444;JARDIM BLUMENAU
1445;JARDIM BOA VISTA
1446;JARDIM BOM JESUS
1447;JARDIM BOM RECANTO
1448;JARDIM BOM RETIRO
1449;JARDIM BOM SUCESSO
1450;JARDIM BONFIGLIOLI
1451;JARDIM BORBA GATO
1452;JARDIM BORBOREMA
1453;JARDIM BOTANICO
1454;JARDIM BRASIL
1455;JARDIM BRASIL II
1456;JARDIM BRASIL ZONA NORTE
1457;JARDIM BRASILANDIA
1458;JARDIM BRASILIA
1459;JARDIM BURITI SERENO
1460;JARDIM CAICARA
1461;JARDIM CALIFORNIA
1462;JARDIM CAMARGO NOVO
1463;JARDIM CAMBAUVA
1464;JARDIM CAMBURI
1465;JARDIM CAMILA
1466;JARDIM CAMPINAS
1467;JARDIM CAMPOS ELISEOS
1468;JARDIM CAMPOS SALLES
1469;JARDIM CAMPOS VERDES
1470;JARDIM CANADA
1471;JARDIM CANHEMA
1472;JARDIM CAPELA
1473;JARDIM CARAVELAS
1474;JARDIM CARLOS COOPER
1475;JARDIM CAROLINA
1476;JARDIM CASA BRANCA
1477;JARDIM CASQUEIRO
1478;JARDIM CASTELINHO
1479;JARDIM CATARINA
1480;JARDIM CELESTE
1481;JARDIM CENTENARIO
1482;JARDIM CEREJEIRAS
1483;JARDIM CHAPADAO
1484;JARDIM CIDADE UNIVERSITA
1485;JARDIM CIDALIA
1486;JARDIM CINCO LAGOS
1487;JARDIM CIRINO
1488;JARDIM CLAUDIA
1489;JARDIM CLODOALDO
1490;JARDIM COCAIA
1491;JARDIM COIMBRA
1492;JARDIM COLOMBO
1493;JARDIM COLONIAL
1494;JARDIM CONCEICAO
1495;JARDIM CONCORDIA
1496;JARDIM CONSORCIO
1497;JARDIM CONTINENTAL
1498;JARDIM CORCETTI I
1499;JARDIM CRIS
1500;JARDIM CRISTAL
1501;JARDIM CRISTINA
1502;JARDIM CRISTINO
1503;JARDIM CRUZEIRO
1504;JARDIM CUMBICA
1505;JARDIM D ABRIL
1506;JARDIM D EOPOLDINA
1507;JARDIM D PEDRO I
1508;JARDIM DA BARRAGEM II
1509;JARDIM DA BARRAGEM IV
1510;JARDIM DA GLORIA
1511;JARDIM DA PENHA
1512;JARDIM DA SAUDE
1513;JARDIM DAS ACACIAS
1514;JARDIM DAS ALTEROSAS 2A SECAO
1515;JARDIM DAS AMERICAS
1516;JARDIM DAS BANDEIRAS
1517;JARDIM DAS BELEZAS
1518;JARDIM DAS CAMELIAS
1519;JARDIM DAS COLINAS
1520;JARDIM DAS FLORES
1521;JARDIM DAS FONTES
1522;JARDIM DAS HORTENCIAS
1523;JARDIM DAS INDUSTRIAS
1524;JARDIM DAS LARANJEIRAS
1525;JARDIM DAS MAGNOLIAS
1526;JARDIM DAS NACOES
1527;JARDIM DAS OLIVEIRAS
1528;JARDIM DAS ORQUIDEAS
1529;JARDIM DAS PAINEIRAS
1530;JARDIM DAS PALMEIRAS
1531;JARDIM DAS ROSAS
1532;JARDIM DAS SERINGUEIRAS
1533;JARDIM DAS VIOLETAS
1534;JARDIM DE ALAH
1535;JARDIM DEGHI
1536;JARDIM DIAMANTE
1537;JARDIM DIVA FAZENDINHA
1538;JARDIM DO CEDRO
1539;JARDIM DO ESTADIO
1540;JARDIM DO INGA GLEBA B
1541;JARDIM DO LAGO
1542;JARDIM DO MAR
1543;JARDIM DO NORTE
1544;JARDIM DO OURO
1545;JARDIM DO TREVO
1546;JARDIM DO VALE
1547;JARDIM DO VALE I
1548;JARDIM DOM JOSE
1549;JARDIM DOS BANDEIRANTES
1550;JARDIM DOS BICHINHOS
1551;JARDIM DOS COMERCIARIOS VENDA NOVA
1552;JARDIM DOS COQUEIROS PASSO DAS PEDRAS II
1553;JARDIM DOS ESTADOS
1554;JARDIM DOS EUCALIPTOS POSTO DA MATA
1555;JARDIM DOS LAGOS II
1556;JARDIM DOS MANACAS
1557;JARDIM DOS MIGRANTES
1558;JARDIM DOS OLIVEIRAS
1559;JARDIM DOS PEREIRAS CAUCAIA DO ALTO
1560;JARDIM DUPRAT
1561;JARDIM EDUCANDARIO
1562;JARDIM ELBA
1563;JARDIM ELDORADO
1564;JARDIM ELIANA
1565;JARDIM ELISA VOLPE
1566;JARDIM ELIZA
1567;JARDIM ELVIRA
1568;JARDIM EMILIA
1569;JARDIM ESCALA
1570;JARDIM ESMERALDA
1571;JARDIM ESMERALDAS
1572;JARDIM ESMERALDINA
1573;JARDIM ESPERANA
1574;JARDIM ESTADIO
1575;JARDIM ESTELA
1576;JARDIM ESTER YOLANDA
1577;JARDIM EUCALIPTO
1578;JARDIM EUROPA
1579;JARDIM EUROPA I
1580;JARDIM EVEREST
1581;JARDIM FANTINATTI NOVA VENEZA
1582;JARDIM FAZENDA RINCAO
1583;JARDIM FELICIDADE
1584;JARDIM FERNANDA II
1585;JARDIM FERNAO DIAS
1586;JARDIM FERRARI
1587;JARDIM FIGUEIRA GRANDE
1588;JARDIM FILHOS DA TERRA
1589;JARDIM FLAMBOYANT
1590;JARDIM FLOR DA MONTANHA
1591;JARDIM FLORA
1592;JARDIM FLORENCE
1593;JARDIM FLORIDA
1594;JARDIM FLORIDIANA
1595;JARDIM FONTANELLA
1596;JARDIM FORTALEZA
1597;JARDIM FRANCANO
1598;JARDIM GAGLIARDI
1599;JARDIM GERMANIA
1600;JARDIM GIANETTI
1601;JARDIM GIRASSOL
1602;JARDIM GLORIA
1603;JARDIM GLORIA LL
1604;JARDIM GRAMACHO
1605;JARDIM GRAMINHA 3
1606;JARDIM GRAZIELE
1607;JARDIM GUANABARA
1608;JARDIM GUANHEMBU
1609;JARDIM GUARANI
1610;JARDIM GUARANY
1611;JARDIM GUARUJA
1612;JARDIM GUARULHOS
1613;JARDIM GUMERCINDO H SOARES
1614;JARDIM HAYDEE
1615;JARDIM HELENA
1616;JARDIM HOLLYWOOD
1617;JARDIM IATE CLUBE
1618;JARDIM IBITI DO PACO
1619;JARDIM ICATU
1620;JARDIM IGUATEMI
1621;JARDIM IMPERADOR
1622;JARDIM IMPERADOR ZONA LESTE
1623;JARDIM IMPERIAL
1624;JARDIM INDEPENDENCIA
1625;JARDIM INDEPENDENTE I
1626;JARDIM INDEPENDENTE II
1627;JARDIM INDUBERABA
1628;JARDIM INDUSTRIAL
1629;JARDIM INDUSTRIARIO I
1630;JARDIM INTERNORTE
1631;JARDIM IPANEMA
1632;JARDIM IPANEMA CIDADE LIDER
1633;JARDIM IPAUSSURAMA
1634;JARDIM IPIRANGA
1635;JARDIM IPORANGA
1636;JARDIM IRACEMA
1637;JARDIM IRENE
1638;JARDIM ISMENIA
1639;JARDIM ITALIA
1640;JARDIM ITAMARATY II
1641;JARDIM ITAPANHAU
1642;JARDIM ITAPARK VELHO
1643;JARDIM ITAU
1644;JARDIM ITU
1645;JARDIM ITU SABARA
1646;JARDIM IVOTY
1647;JARDIM IZABEL
1648;JARDIM JABAQUARA
1649;JARDIM JACIRA
1650;JARDIM JACY
1651;JARDIM JANDIRA
1652;JARDIM JAPAO
1653;JARDIM JOSE BONIFACIO
1654;JARDIM JULIETA
1655;JARDIM JULIO
1656;JARDIM JUSSARA
1657;JARDIM LAGO AZUL
1658;JARDIM LAGO AZUL SANTO ANTONIO
1659;JARDIM LANCASTER
1660;JARDIM LAVINIA
1661;JARDIM LENIZE
1662;JARDIM LEONOR
1663;JARDIM LEOPOLDINA
1664;JARDIM LIBANO
1665;JARDIM LIBERDADE
1666;JARDIM LIDER
1667;JARDIM LIDO
1668;JARDIM LIMOEIRO
1669;JARDIM LOURDES
1670;JARDIM LUCIANA MARIA
1671;JARDIM LUSO
1672;JARDIM LUZITANIA
1673;JARDIM MADALENA
1674;JARDIM MADUREIRA
1675;JARDIM MAIA
1676;JARDIM MALUCHE
1677;JARDIM MARACA
1678;JARDIM MARACANA
1679;JARDIM MARAJOARA
1680;JARDIM MARANHAO
1681;JARDIM MARCHESI
1682;JARDIM MARCO ZERO
1683;JARDIM MARCONAL
1684;JARDIM MARCONDES
1685;JARDIM MARCOS ROBERTO
1686;JARDIM MARGARIDA
1687;JARDIM MARIA ANTONINA
1688;JARDIM MARIA AUGUSTA
1689;JARDIM MARIA BEATRIZ
1690;JARDIM MARIA CRISTINA
1691;JARDIM MARIA DE LOURDES
1692;JARDIM MARIA DO CARMO
1693;JARDIM MARIA HELENA
1694;JARDIM MARIA MENDES
1695;JARDIM MARICA
1696;JARDIM MARILIA
1697;JARDIM MARINGA
1698;JARDIM MARIO FONSECA
1699;JARDIM MARISA
1700;JARDIM MARISTELA
1701;JARDIM MASSANGANO
1702;JARDIM MENINO DEUS II
1703;JARDIM MERCI I
1704;JARDIM MERITI
1705;JARDIM MIRANTE
1706;JARDIM MIRIAM
1707;JARDIM MITUZI
1708;JARDIM MODELO
1709;JARDIM MONA
1710;JARDIM MONCOES
1711;JARDIM MONTANHES
1712;JARDIM MONTE ALEGRE
1713;JARDIM MONTE AZUL
1714;JARDIM MONTE CASTELO
1715;JARDIM MONTE SANTO
1716;JARDIM MORADA DO SOL
1717;JARDIM MOREIRA
1718;JARDIM MORUMBI
1719;JARDIM MURILO MACEDO
1720;JARDIM N S DO CARMO
1721;JARDIM N SRA DE FATIMA
1722;JARDIM N SRA FATIMA
1723;JARDIM NACIONAL
1724;JARDIM NAKAMURA
1725;JARDIM NATAL
1726;JARDIM NAUTICO
1727;JARDIM NAZARETH
1728;JARDIM NHANHA
1729;JARDIM NIERO
1730;JARDIM NOSSA SENHORA APARECIDA
1731;JARDIM NOVA AMERICA
1732;JARDIM NOVA BRAGANCA
1733;JARDIM NOVA CONQUIST
1734;JARDIM NOVA ERA
1735;JARDIM NOVA ESPERANCA
1736;JARDIM NOVA IGUACU
1737;JARDIM NOVA ITAPEVI
1738;JARDIM NOVA REPUBLICA
1739;JARDIM NOVA SAO CARLOS
1740;JARDIM NOVO C ELISIOS
1741;JARDIM NOVO CAMPOS ELISEOS
1742;JARDIM NOVO EMBU
1743;JARDIM NOVO HORIZONTE
1744;JARDIM NOVO MUNDO
1745;JARDIM NOVO OASIS
1746;JARDIM NOVO PARELHEIROS
1747;JARDIM O PIONEIRO
1748;JARDIM OCEANIA IV
1749;JARDIM OLAVO BILAC
1750;JARDIM OLINDA
1751;JARDIM OURO BRANCO
1752;JARDIM OURO PRETO
1753;JARDIM OURO VERDE
1754;JARDIM PACAEMBU
1755;JARDIM PADRE AUGUSTO SANI
1756;JARDIM PAINEIRAS I
1757;JARDIM PALESTINA
1758;JARDIM PALMA TRAVASSOS
1759;JARDIM PANCERA
1760;JARDIM PANORAMA
1761;JARDIM PAPAI NOEL
1762;JARDIM PARAGUACU
1763;JARDIM PARAGUAI
1764;JARDIM PARAISO
1765;JARDIM PARAISO DO SOL
1766;JARDIM PARAISO II
1767;JARDIM PARANA
1768;JARDIM PARATI
1769;JARDIM PARIS
1770;JARDIM PAULICEIA
1771;JARDIM PAULISTA
1772;JARDIM PAULISTA I
1773;JARDIM PAULISTANO
1774;JARDIM PAULISTANO II
1775;JARDIM PAULO AFONSO
1776;JARDIM PEDREIRA
1777;JARDIM PEDRO JOSE NUNES
1778;JARDIM PEREIRA LEITE
1779;JARDIM PERO
1780;JARDIM PEROLA
1781;JARDIM PEROLA I
1782;JARDIM PETROPOLIS
1783;JARDIM PINHEIROS
1784;JARDIM PIONEIROS
1785;JARDIM PIRATININGA
1786;JARDIM PIRITUBA
1787;JARDIM PITANGUEIRAS
1788;JARDIM PITANGUEIRAS II
1789;JARDIM PLANALTO
1790;JARDIM PONTE RASA
1791;JARDIM POPULAR
1792;JARDIM PRESIDENTE
1793;JARDIM PRESIDENTE DUTRA
1794;JARDIM PRIMAVERA
1795;JARDIM PRIMAVERA I
1796;JARDIM PRINCESA II
1797;JARDIM PROF BENOA
1798;JARDIM PROGRESSO
1799;JARDIM PRUDENCIA
1800;JARDIM QUEBEC
1801;JARDIM QUIETUDE
1802;JARDIM RAIMUNDO INACIO
1803;JARDIM RAPOSO TAVARES
1804;JARDIM RASSLEM
1805;JARDIM RECORD
1806;JARDIM REDENTOR
1807;JARDIM REIMBERG
1808;JARDIM RESIDENCIAL VETORASSO
1809;JARDIM REZENDE
1810;JARDIM RIACHO
1811;JARDIM RIO DA GRANJA MANGUE SECO
1812;JARDIM ROBERTO SELMI DEI
1813;JARDIM ROBRU
1814;JARDIM ROMA
1815;JARDIM ROMANO
1816;JARDIM RONDONIA
1817;JARDIM ROSELI
1818;JARDIM ROVERI
1819;JARDIM RUYCE
1820;JARDIM S FRANCISCO
1821;JARDIM SABARA
1822;JARDIM SABAUNA
1823;JARDIM SAINT MORITZ
1824;JARDIM SAIRA
1825;JARDIM SALGADO FILHO
1826;JARDIM SANS
1827;JARDIM SANTA CRISTINA
1828;JARDIM SANTA CRUZ
1829;JARDIM SANTA CRUZ ZONA NORTE
1830;JARDIM SANTA EDWIGES CAPELA DO SOCORRO
1831;JARDIM SANTA EMILIA
1832;JARDIM SANTA FE
1833;JARDIM SANTA FE ZONA OESTE
1834;JARDIM SANTA FRANCISCA
1835;JARDIM SANTA IGNES
1836;JARDIM SANTA INES
1837;JARDIM SANTA LUCRECIA
1838;JARDIM SANTA LUZIA
1839;JARDIM SANTA MARIA
1840;JARDIM SANTA MONICA
1841;JARDIM SANTA RITA
1842;JARDIM SANTA ROSA NOVA VENEZA
1843;JARDIM SANTA ROSALIA
1844;JARDIM SANTA TERESA
1845;JARDIM SANTA TEREZINHA
1846;JARDIM SANTA TEREZINHA ZONA LESTE
1847;JARDIM SANTO ANDRE
1848;JARDIM SANTO ANTONI
1849;JARDIM SANTO ANTONIO
1850;JARDIM SANTO ANTONIO I
1851;JARDIM SANTO EDUARDO
1852;JARDIM SANTO ONOFRE
1853;JARDIM SANZOVO
1854;JARDIM SAO BERNARDO
1855;JARDIM SAO CAETANO
1856;JARDIM SAO CAMILO
1857;JARDIM SAO CARLOS
1858;JARDIM SAO CARLOS 5
1859;JARDIM SAO CLEMENTE
1860;JARDIM SAO CRISTOVAO
1861;JARDIM SAO DIMAS
1862;JARDIM SAO DOMINGOS
1863;JARDIM SAO FRANCISCO
1864;JARDIM SAO GUILHERME
1865;JARDIM SAO JOAO
1866;JARDIM SAO JORGE
1867;JARDIM SAO JORGE RAPOSO TAVARES
1868;JARDIM SAO JOSE
1869;JARDIM SAO LUIS
1870;JARDIM SAO LUIZ
1871;JARDIM SAO MARCOS
1872;JARDIM SAO MARTINHO
1873;JARDIM SAO PAULO
1874;JARDIM SAO PAULO ZONA LESTE
1875;JARDIM SAO PAULO ZONA NORTE
1876;JARDIM SAO PEDRO
1877;JARDIM SAO SAVERIO
1878;JARDIM SAO SEBASTIAO
1879;JARDIM SAO VICENTE
1880;JARDIM SAPORITO
1881;JARDIM SARAH
1882;JARDIM SATELITE
1883;JARDIM SAUDE
1884;JARDIM SCHONWALD
1885;JARDIM SCOMPARIM
1886;JARDIM SEYON
1887;JARDIM SIMUS
1888;JARDIM SOARES
1889;JARDIM SOCIAL
1890;JARDIM SOLAR PARK
1891;JARDIM SONIA
1892;JARDIM SONIA MARIA
1893;JARDIM STELLA
1894;JARDIM STETEL
1895;JARDIM SULACAP
1896;JARDIM SUMARE
1897;JARDIM TABOAO
1898;JARDIM TAQUARAL
1899;JARDIM TARUMA
1900;JARDIM TERRAS DO SUL
1901;JARDIM TESTAE
1902;JARDIM TEXTIL
1903;JARDIM TIJUCO
1904;JARDIM TRABALHISTA
1905;JARDIM TRANQUILIDADE
1906;JARDIM TRES CORACOES
1907;JARDIM TRES IRMAOS
1908;JARDIM TRES MARIA
1909;JARDIM TRES MARIAS
1910;JARDIM TREVO
1911;JARDIM TRIANON
1912;JARDIM TROPICAL
1913;JARDIM TUPANCI
1914;JARDIM TV MORENA
1915;JARDIM UIRAPURU
1916;JARDIM UMARIZAL
1917;JARDIM UMUARAMA
1918;JARDIM UNIAO
1919;JARDIM UNIVERSIDADE PINHEIROS
1920;JARDIM UNIVERSITARIO
1921;JARDIM URANO
1922;JARDIM VALE DAS VIRTUDES
1923;JARDIM VALE DO SOL
1924;JARDIM VASSOURAS II
1925;JARDIM VAZANI
1926;JARDIM VELOSO
1927;JARDIM VENDAS
1928;JARDIM VENEZA
1929;JARDIM VERA CRUZ
1930;JARDIM VERAO
1931;JARDIM VERGUEIRO
1932;JARDIM VICTORIA
1933;JARDIM VIEIRA MORAES
1934;JARDIM VILA BOA
1935;JARDIM VILA CARRAO
1936;JARDIM VILA ESMERALDA
1937;JARDIM VILA GALVAO
1938;JARDIM VILA RICA
1939;JARDIM VINTE E CINCO DE AGOSTO
1940;JARDIM VIOLETA
1941;JARDIM VISTA LINDA
1942;JARDIM VITORIA
1943;JARDIM VITORIA REGIA ZONA NORTE
1944;JARDIM VIVENDAS
1945;JARDIM VON ZUBEN
1946;JARDIM WANDERLEY
1947;JARDIM YARA
1948;JARDIM YEDA
1949;JARDIM ZAIRA
1950;JARDIM ZARA
1951;JARDIM ZEFERINO I
1952;JARDIMSETE DE SETEMBRO
1953;JARDIN LEBLON
1954;JARDINAVES
1955;JARDINS
1956;JARIVATUBA
1957;JATIUCA
1958;JATOBA
1959;JD BARRA JANGADAS
1960;JD JEQUITIBAS
1961;JD NORONHA
1962;JD SATELITE
1963;JD TROPICAL
1964;JDIM WEISSOPOLIS
1965;JEQUIEZINHO
1966;JEQUITIBA
1967;JEREISSATI I
1968;JEREISSATI II
1969;JEREISSATI III
1970;JERUMENHA
1971;JIQUIA
1972;JK
1973;JK II
1974;JK NOVA CAPITAL
1975;JOA
1976;JOAO CABRAL
1977;JOAO GORDO
1978;JOAO MENDES MAGALHAES
1979;JOAO PAULO II
1980;JOAO PIOLI
1981;JOAO SOARES
1982;JOAO XXIII
1983;JOAQUIM ROMAO
1984;JOAQUIM TAVORA
1985;JOCKEY CAMPING
1986;JOCKEY CLUBE
1987;JONAS VEIGA
1988;JOQUEI
1989;JOQUEI CLUBE
1990;JORDANESIA
1991;JORDANOPOLIS
1992;JORGE TEIXEIRA
1993;JOSE AMERICO DE ALMEIDA
1994;JOSE APARECIDO
1995;JOSE BONIFACIO
1996;JOSE BRANDAO
1997;JOSE DA ROSA
1998;JOSE DE ALENCAR
1999;JOSE DE ANCHIETA
2000;JOSE E MARIA
2001;JOSE MENINO
2002;JOSE PINHEIRO
2003;JOSE RAMOS
2004;JOSE WALTER
2005;JR PIRATININGA
2006;JUA
2007;JUCUTUQUARA
2008;JUERANA
2009;JULIAO RAMOS
2010;JULIO DE MESQUITA
2011;JUNCO
2012;JUNDIAI
2013;JUNDIAIZINHO
2014;JUNDIAPEBA
2015;JUNQUEIRA
2016;JUPIARA
2017;JUQUIA GUASSU
2018;JUREMA
2019;JURUBATUBA
2020;JURUNAS
2021;JUSCELINO KUBITSCHEK
2022;JUSTICA II
2023;JUVEVE
2024;KAYSER
2025;KM 1
2026;KM 18
2027;KM 25
2028;KM 5
2029;LACE
2030;LAGE GRANDE
2031;LAGEADINHO
2032;LAGES DO BATATA
2033;LAGO NORTE
2034;LAGO SUL
2035;LAGOA
2036;LAGOA AZUL
2037;LAGOA DA CONCEICAO
2038;LAGOA DO SIRI
2039;LAGOA DOS ESTEVES
2040;LAGOA DOURADA
2041;LAGOA GRANDE
2042;LAGOA NOVA
2043;LAGOA SECA
2044;LAGOA SERENA
2045;LAGOINHA
2046;LAGUINHO
2047;LAJEADO
2048;LAMA PRETA
2049;LAMI
2050;LANGONI
2051;LANGUIRU
2052;LAPA
2053;LAPA DE BAIXO
2054;LAR PARANA
2055;LAR SAO PAULO
2056;LARANJEIRAS
2057;LARANJEIRAS DISTRITO
2058;LAS VEGAS
2059;LAURO DE FREITAS
2060;LAUZANE PAULISTA
2061;LAVA PES
2062;LAVRADO
2063;LEBLON
2064;LEITOES
2065;LEONARDO ILHA
2066;LESTE
2067;LEVADA
2068;LGO SANTA EFIGENIA
2069;LIBERDADE
2070;LIDER
2071;LIMA E SILVA
2072;LIMEIRA BAIXA
2073;LIMOEIRO
2074;LINCOLN PARQUE
2075;LINDA VISTA
2076;LINDEIA BARREIRO
2077;LINDO HORIZONTE
2078;LINHA DOM CARLOS
2079;LINHA DOS CHAVES
2080;LINHA GARIBALDINA
2081;LINHA JAO PESSOA
2082;LINHA PACA NORTE
2083;LINHA SANTA BARBARA
2084;LINHARES
2085;LINS DE VASCONCELOS
2086;LIRA
2087;LITORAL
2088;LOANDA
2089;LOBATO
2090;LOCAL RIBEIRAOZINHO
2091;LOMBA DA PALMEIRA
2092;LOMBA DO PINHEIRO
2093;LONDRINA SAO BENEDITO
2094;LOPES DE OLIVEIRA
2095;LORIS CALESTINI
2096;LOT D CARMELIA
2097;LOTE RESIDENCIAL CIDADE JARDIM
2098;LOTEAMENTO
2099;LOTEAMENTO AMARAL DE MATOS
2100;LOTEAMENTO ANA NEUSA
2101;LOTEAMENTO ARARUNA II
2102;LOTEAMENTO CHACARA NUMERO 95 D
2103;LOTEAMENTO ELDORADO
2104;LOTEAMENTO ESTHER SOARES TORRES
2105;LOTEAMENTO FLAMENGO
2106;LOTEAMENTO MACIEL
2107;LOTEAMENTO MODENA
2108;LOTEAMENTO PALMARES
2109;LOTEAMENTO PLANALTO DO SOL
2110;LOTEAMENTO REMANSO CAMPINEIRO
2111;LOTEAMENTO SANTO ANTONIO
2112;LOTEAMENTO VILA RICA
2113;LOURDES
2114;LOURENCO
2115;LUCAS ARAUJO
2116;LUIZ ALVES
2117;LUIZ E MAGALHAES
2118;LUIZ G DE CARVALHO
2119;LUIZOTE DE FREITAS
2120;LUVY
2121;LUZ
2122;MACAUBA
2123;MACAXEIRA
2124;MACEDO
2125;MACHADOS
2126;MACUCO
2127;MADALENA
2128;MADUREIRA
2129;MAE DOS HOMENS
2130;MAGISTERIO
2131;MAGUARI
2132;MAIERON
2133;MAIOBA
2134;MAIOBINHA
2135;MAIRINK
2136;MAJOR LAGE DE BAIXO
2137;MALHADO
2138;MALVINAS
2139;MANAIRA
2140;MANDACARU
2141;MANEJO
2142;MANGABEIRA
2143;MANGABEIRA III
2144;MANGABEIRA VII
2145;MANGAL ESCURO
2146;MANGALO
2147;MANGUEIRAL
2148;MANGUEIRAS
2149;MANGUINHOS
2150;MANILHAS
2151;MANOEL HONORIO
2152;MANSOES
2153;MANSOES AEROPORTO
2154;MAR PAULISTA
2155;MARABAIXO III
2156;MARACAIPE
2157;MARACANA
2158;MARACUJA
2159;MARAMBAIA
2160;MARANGUAPE I
2161;MARANGUAPE II
2162;MARANHAO
2163;MARANHAO NOVO
2164;MARAPE
2165;MARAPONGA
2166;MARATAIZES
2167;MARCIANOPOLIS
2168;MARCO
2169;MARCOS FREIRE II
2170;MARCOS ROBERTO
2171;MARCOSENA
2172;MARECHAL RONDON
2173;MARECHAL RONDON JUREMA
2174;MARES
2175;MARGARETH
2176;MARGARIDA R AZEVEDO
2177;MARIA AUXILIADORA
2178;MARIA FARINHA
2179;MARIA HELENA JUSTINOPOLIS
2180;MARIA ORTIZ
2181;MARIA PRETA
2182;MARIA T A GIMENES
2183;MARIA VIRGINIA
2184;MARIANO PROCOPIO
2185;MARIETA AZEREDO
2186;MARINA
2187;MARINGA
2188;MARIOPOLIS
2189;MARISTA
2190;MARISTELA
2191;MARITUBA
2192;MARMELEIRO
2193;MARREQUINHA
2194;MARTIM DE SA
2195;MARTINS
2196;MASCARENHAS DE MORAES
2197;MASSARANDUBA
2198;MATA DA SERRA
2199;MATA DO JACINTO
2200;MATA ESCURA
2201;MATAO
2202;MATATU
2203;MATATU DE BROTAS
2204;MATHIAS VELHO
2205;MATINHA
2206;MATO ALTO
2207;MATO DENTRO
2208;MATO GROSSO
2209;MATRIZ
2210;MAUA
2211;MECEJANA
2212;MEDIANEIRA
2213;MEIA PRAIA
2214;MEIER
2215;MEIRELES
2216;MELLOS II
2217;MELO VIANA
2218;MENINO DEUS
2219;MENINO JESUS
2220;MERCADINHO
2221;MERCES
2222;MERGULHAO MORANGA
2223;MESQUITA
2224;MESSEJANA
2225;MESSIAS
2226;MIGUEL COUTO
2227;MIGUEL DE CASTRO MOREIRA
2228;MIL ALQUEIRES
2229;MILHO VERDE
2230;MILIONARIO
2231;MIMOSO DO OESTE
2232;MINAS GERAIS
2233;MINERLANDIA
2234;MIRANTINHO
2235;MOCAMBINHO
2236;MOCOQUINHA
2237;MOCOS
2238;MODULO 6
2239;MOEMA
2240;MOGI MODERNO
2241;MOINHO VELHO
2242;MOINHOS DE VENTO
2243;MONDUBIM
2244;MONJOLO
2245;MONSENHOR SOUZA
2246;MONT SERRAT
2247;MONTANHA
2248;MONTANHAO
2249;MONTE CARMELO II
2250;MONTE CASTELO
2251;MONTE GORDO
2252;MONTE PASQUAL
2253;MONTE VERDE
2254;MONTESE
2255;MOOCA
2256;MORADA DO PARATY
2257;MORADA DO RIO
2258;MORADA DO SOL
2259;MORADA DO VALE I
2260;MORAES
2261;MORANQUIM
2262;MORRETES
2263;MORRO ALTO
2264;MORRO BRANCO
2265;MORRO CHIC
2266;MORRO DO FORNO
2267;MORRO DO PEDRO ROSA
2268;MORRO ESTEVAO
2269;MORRO GRANDE
2270;MORRO SANTANA
2271;MORRO VERMELHO
2272;MORUMBI
2273;MOSQUEIRO
2274;MUCHILA
2275;MULTIRAO
2276;MUNHOZ JUNIOR
2277;MUNICIPAL
2278;MUNICIPIOS
2279;MUQUICABA
2280;MURIBECA
2281;MURICI
2282;MUSTARDINHA
2283;MUTIRAO
2284;MUTUA
2285;MUTUAPIRA
2286;N C
2287;N S APARECIDA
2288;N S DAS GRACAS
2289;N S DE LOURDES
2290;N SRA DA GLORIA
2291;N SRA DAS GRACAS
2292;N SRA DE FATIMA
2293;N SRA DE LOURDES
2294;NACOES
2295;NAO CONSTA
2296;NARANDIBA
2297;NAVEGANTES
2298;NAZARE
2299;NAZARETH
2300;NAZIA
2301;NEOPOLIS
2302;NEREU RAMOS
2303;NHAPINDAZAL
2304;NHO QUIM
2305;NICOLANDIA
2306;NITEROI
2307;NITEROI 2O DISTRITO
2308;NOEMIA
2309;NOGUEIRA
2310;NOIVOS
2311;NONO DISTRITO
2312;NONOAI
2313;NORTISTA
2314;NOSSA S DAS GRACAS
2315;NOSSA SENHORA ABADIA
2316;NOSSA SENHORA APARECIDA
2317;NOSSA SENHORA DA CONCEICAO
2318;NOSSA SENHORA DA PAZ
2319;NOSSA SENHORA DA VITORIA
2320;NOSSA SENHORA DAS DORES
2321;NOSSA SENHORA DAS GRACAS
2322;NOSSA SENHORA DE FATIMA
2323;NOSSA SENHORA DE LOURDES
2324;NOSSA SENHORA DO GUADALUPE
2325;NOSSA SENHORA DO MONTE SERRAT
2326;NOSSA SENHORA DO O
2327;NOSSA SENHORA DO ROSARIO
2328;NOSSA SRA DA CONCEICAO
2329;NOSSA SRA DAS GRACAS
2330;NOSSA SRA DO ROSARIO
2331;NOSSA SRA FATIMA
2332;NOSSO TETO
2333;NOVA AMERICA
2334;NOVA BETANIA
2335;NOVA BRASILIA
2336;NOVA CACHOEIRINHA
2337;NOVA CANAA
2338;NOVA CARUARU
2339;NOVA CASA VERDE
2340;NOVA CIDADE
2341;NOVA CINTRA
2342;NOVA COLINA SOBRADINHO
2343;NOVA CONTAGEM
2344;NOVA DESCOBERTA
2345;NOVA ERA
2346;NOVA ESPERANCA
2347;NOVA FATIMA
2348;NOVA FLORESTA
2349;NOVA GERTY
2350;NOVA GIMIRIM
2351;NOVA GOIANA
2352;NOVA HIGIENOPOLIS
2353;NOVA HOLANDA
2354;NOVA IMPERATRIZ
2355;NOVA ITAPARICA
2356;NOVA ITAPIREMA AGROVILA
2357;NOVA JABOTICABAL
2358;NOVA LEOPOLDINA
2359;NOVA LORENA
2360;NOVA MARABA
2361;NOVA MARAMBAIA
2362;NOVA MIRIM
2363;NOVA PARNAMIRIM
2364;NOVA PATRIA
2365;NOVA PAULINIA
2366;NOVA PETROPOLIS
2367;NOVA PIRAPORA
2368;NOVA POA
2369;NOVA PROMISSAO
2370;NOVA RESTINGA
2371;NOVA ROMA DO SUL
2372;NOVA RUSSIA
2373;NOVA SANTA ISABEL
2374;NOVA SAPUCAIA
2375;NOVA SUICA
2376;NOVA SUISSA
2377;NOVA TRIESTE
2378;NOVA VICENCA
2379;NOVA VILA
2380;NOVA VILHENA
2381;NOVA VISTA
2382;NOVA VOTORANTIM
2383;NOVO
2384;NOVO ALEIXO
2385;NOVO BURITIZAL
2386;NOVO CRUZEIRO
2387;NOVO DIAMANTINO
2388;NOVO ELDORADO
2389;NOVO ESTEIO
2390;NOVO GLORIA
2391;NOVO HORIZONTE
2392;NOVO JARDIM ORIENTE
2393;NOVO JUAZEIRO
2394;NOVO MONDUBIM
2395;NOVO MUNDO
2396;NOVO PARAISO
2397;NOVO PROGRESSO
2398;NOVO RIACHO
2399;NOVO RIACHUELO
2400;NOVO SAO CAETANO
2401;NUCLEO ALPHA
2402;NUCLEO BANDEIRANTE
2403;NUCLEO COLONIAL GUATAPORANGA
2404;NUCLEO DE DESENV INTEGRADO NADIR DE PAULA EDUARDO
2405;NUCLEO DO ARAPUA
2406;NUCLEO HAB NOBUJI NAGASAWA
2407;NUCLEO HABITACIONAL BRIGADEIRO FARIA LIMA
2408;NUCLEO HABITACIONAL NOVA MARILIA
2409;NUCLEO RIO VERDE
2410;OCIAN
2411;OCTOGONAL
2412;OESTE
2413;OFICINAS
2414;OLARIA
2415;OLARIAS
2416;OLHO D AGUA
2417;OLIMPICO
2418;OLIVEIRA
2419;ONDINA
2420;OPERARIA VELHA
2421;OPERARIO
2422;ORFAS
2423;ORICO
2424;ORTEGA
2425;OSASCO
2426;OSWALDO CRUZ
2427;OURO BRANCO
2428;OURO PRETO
2429;OURO VERDE
2430;OXFORD
2431;P A N SRA APARECIDA Z RURAL
2432;P DA FERRADURA
2433;P SANTO ANTONIO
2434;PACAEMBU
2435;PACATA SEDE
2436;PACIENCIA
2437;PACOVA
2438;PACOVAL
2439;PADILHA
2440;PADRE BERNARDO
2441;PADRE EUSTAQUIO
2442;PADRE JACKSON
2443;PADRE ROMA
2444;PAE CARA
2445;PAECARA
2446;PAINEIRINHA
2447;PAJUCARA
2448;PALESTINA
2449;PALMARES
2450;PALMARES SECAO 1
2451;PALMEIRAS
2452;PALMEIRINHA
2453;PALMITAL
2454;PALOMA II
2455;PAMPULHA
2456;PAN AMERICANO
2457;PANAMBI VERA
2458;PANAMBY
2459;PANAZZOLO
2460;PANTANAL
2461;PAPICU
2462;PAQUETA
2463;PARADA
2464;PARADA DE LUCAS
2465;PARADA QUINZE
2466;PARAGUAI
2467;PARAISO
2468;PARANAGUAMIRIM
2469;PARANGABA
2470;PARANGABUSSU
2471;PARANHOS VILA INHOMIRIM
2472;PARANOA
2473;PARAVIANA
2474;PARI
2475;PARIPE
2476;PARK SUL
2477;PARNAMIRIM
2478;PAROBE
2479;PAROLIN
2480;PARQUE 10 DE NOVEMBRO
2481;PARQUE 35
2482;PARQUE ALVORADA
2483;PARQUE AMAZONIA
2484;PARQUE ANTONIO ELIAS RIBEIRO
2485;PARQUE ARATURI
2486;PARQUE ARAXA
2487;PARQUE ARTUR ALVIM
2488;PARQUE ATERRADO
2489;PARQUE ATHENAS
2490;PARQUE BAHIA
2491;PARQUE BANDEIRANTES
2492;PARQUE BITARU
2493;PARQUE BOA ESPERANCA
2494;PARQUE BOTURUSSU
2495;PARQUE BRASIL
2496;PARQUE BRASIL 500
2497;PARQUE BRASILIA
2498;PARQUE BULANDEIRA
2499;PARQUE CALIFORNIA
2500;PARQUE CALIXTOPOLIS
2501;PARQUE CAMPOLIM
2502;PARQUE CARAVELAS
2503;PARQUE CASTELO
2504;PARQUE CECAP
2505;PARQUE CISPER
2506;PARQUE COLONIAL
2507;PARQUE CONTINENTAL
2508;PARQUE CRUZ DO SUL
2509;PARQUE CRUZEIRO DO SUL
2510;PARQUE DA CIDADANIA
2511;PARQUE DA MOOCA
2512;PARQUE DA REPRESA
2513;PARQUE DAS ACACIAS
2514;PARQUE DAS AMERICAS
2515;PARQUE DAS ANDORINHAS
2516;PARQUE DAS ARVORES
2517;PARQUE DAS COLINAS
2518;PARQUE DAS FLORES
2519;PARQUE DAS GREVILEAS
2520;PARQUE DAS INDUSTRIAS
2521;PARQUE DAS LARANJEIRAS
2522;PARQUE DAS NACOES
2523;PARQUE DAS PAINEIRAS
2524;PARQUE DAS PALMEIRAS
2525;PARQUE DEZ
2526;PARQUE DEZ DE NOVEMBRO
2527;PARQUE DO CAFE
2528;PARQUE DO HEROISMO
2529;PARQUE DO IPE II
2530;PARQUE DO LAGO
2531;PARQUE DO SOL
2532;PARQUE DOIS IRMAOS
2533;PARQUE DOM PEDRO I
2534;PARQUE DOM PEDRO II
2535;PARQUE DOROTEIA
2536;PARQUE DOS BANCARIOS
2537;PARQUE DOS EUCALIPTOS
2538;PARQUE DOURADO
2539;PARQUE DUQUE
2540;PARQUE ECOLOGICO VILA VALDETE
2541;PARQUE EDU CHAVES
2542;PARQUE ESTRELA
2543;PARQUE ESTRELA DALVA VI PEDREGAL
2544;PARQUE FELICIDADE
2545;PARQUE FLAMENGO
2546;PARQUE FLUMINENSE
2547;PARQUE FRANCESCHINI
2548;PARQUE FUNDAO
2549;PARQUE GENIBAU
2550;PARQUE GLORIA I
2551;PARQUE GLORIA III
2552;PARQUE GRAJAU
2553;PARQUE GUARANI
2554;PARQUE ILEANA
2555;PARQUE IMPERIAL
2556;PARQUE IND BANDEIRANTES
2557;PARQUE INDEPENDENCIA
2558;PARQUE INDUSTRIAL
2559;PARQUE INDUSTRIAL ANIBAL CURI
2560;PARQUE INDUSTRIAL BANDEIRANTES
2561;PARQUE INDUSTRIAL COMENDADOR VIRGOLINO DE OLIVEIRA
2562;PARQUE INDUSTRIAL E RESIDENCIAL BELA VISTA
2563;PARQUE INDUSTRIAL II
2564;PARQUE INDUSTRIAL MINGONE
2565;PARQUE IRACEMA
2566;PARQUE ITAIPU
2567;PARQUE ITALIA
2568;PARQUE ITAMARATI
2569;PARQUE JACARANDA
2570;PARQUE JANDAIA
2571;PARQUE JARDIM SUICO
2572;PARQUE JATAI
2573;PARQUE JK
2574;PARQUE LAFAIETE
2575;PARQUE LAGO
2576;PARQUE LAGOA DOURADA
2577;PARQUE MARACANA
2578;PARQUE MARAJOARA
2579;PARQUE MARIA DOMITILA
2580;PARQUE MARIA HELENA
2581;PARQUE MARIA LUIZA
2582;PARQUE MIRANTE DA MATA
2583;PARQUE MONTE VERDE
2584;PARQUE MORUMBI
2585;PARQUE MOSCOSO
2586;PARQUE NOSSA SENHORA DA GLORIA
2587;PARQUE NOVO MUNDO
2588;PARQUE NOVO ORATORIO
2589;PARQUE NOVO SANTO AMARO
2590;PARQUE ORATORIO
2591;PARQUE OURO BRANCO
2592;PARQUE PANAMERICANO
2593;PARQUE PARAISO
2594;PARQUE PERUCHE
2595;PARQUE PIAUI
2596;PARQUE PINHEIROS
2597;PARQUE PIRAJUSSARA
2598;PARQUE POTIRA
2599;PARQUE PRESIDENTE
2600;PARQUE PRIMAVERA
2601;PARQUE REBOUCAS
2602;PARQUE RESD RONDON
2603;PARQUE RESIDENCIAL ABILIO PEDRO
2604;PARQUE RESIDENCIAL AQUARIUS
2605;PARQUE RESIDENCIAL BAMBI
2606;PARQUE RESIDENCIAL BURITI
2607;PARQUE RESIDENCIAL CANDIDO PORTINARI
2608;PARQUE RESIDENCIAL CASARAO
2609;PARQUE RESIDENCIAL LARANJEIRAS
2610;PARQUE RESIDENCIAL NOVA CACAPAVA
2611;PARQUE RESIDENCIAL SAO PEDRO
2612;PARQUE RESIDENCIAL SERVANTES
2613;PARQUE RESIDENCIAL TANCREDO NEVES
2614;PARQUE RESIDENCIAL TROPICAL VILLE
2615;PARQUE RESIDENCIAL TUIUTI
2616;PARQUE RESIDENCIAL VERSAILLES
2617;PARQUE RIACHUELO
2618;PARQUE RINCAO
2619;PARQUE RIZZO II
2620;PARQUE RODRIGO BARRETO
2621;PARQUE ROOSEVELT
2622;PARQUE SAGRADA FAMILIA
2623;PARQUE SANTA FE
2624;PARQUE SANTA FELICIA JARDIM
2625;PARQUE SANTA MADALENA
2626;PARQUE SANTA MARIA
2627;PARQUE SANTA MONICA
2628;PARQUE SANTA ROSA
2629;PARQUE SANTA TERESA
2630;PARQUE SANTANA
2631;PARQUE SANTO ANTONIO
2632;PARQUE SANTOS DUMONT
2633;PARQUE SAO BENTO
2634;PARQUE SAO BERNARDO
2635;PARQUE SAO FRANCISCO
2636;PARQUE SAO GEORGE
2637;PARQUE SAO JOAO
2638;PARQUE SAO JORGE
2639;PARQUE SAO LUCAS
2640;PARQUE SAO MIGUEL JARDIM PRESIDENTE DUTRA
2641;PARQUE SAO PAULO
2642;PARQUE SAO PEDRO
2643;PARQUE SAO QUIRINO
2644;PARQUE SAO RAFAEL
2645;PARQUE SAO SEBASTIAO
2646;PARQUE SAO VICENTE
2647;PARQUE SHANGRI LA
2648;PARQUE TABOAO
2649;PARQUE TAMANDARE
2650;PARQUE TAQUARAL
2651;PARQUE TERRA NOVA
2652;PARQUE TERRA NOVA II
2653;PARQUE TRINDADE
2654;PARQUE UNIAO
2655;PARQUE UNIVERSITARIO
2656;PARQUE VERDE
2657;PARQUE VIANA
2658;PARQUE VICENTE LEPORACE I
2659;PARQUE VITORIA
2660;PARQUELANDIA
2661;PARTENON
2662;PASSAGEM
2663;PASSAGEM DE MARIANA
2664;PASSARE
2665;PASSO DA AREIA
2666;PASSO DA CRUZ
2667;PASSO MUNICIPAL
2668;PASSOS
2669;PATAGONIA
2670;PATO BRAGADO
2671;PATRIA NOVA
2672;PATRIMONIO NOVO
2673;PATRIMONIO VELHO
2674;PAU DA LIMA
2675;PAULA PEREIRA
2676;PAULICEIA
2677;PAULINE
2678;PAUPINA
2679;PAVUNA
2680;PAXICAR
2681;PECHINCHA
2682;PEDERNEIRAS
2683;PEDRA 90
2684;PEDRA DO SINO
2685;PEDREIRA
2686;PEDRINHAS
2687;PEDRO CANARIO
2688;PEDRO DIAS MOREIRA
2689;PEDRO MORO
2690;PEDRO TIBURCIO
2691;PEDROS
2692;PEGA FOGO
2693;PEIXINHOS
2694;PELOURINHO
2695;PENDENCIAS DE CIMA
2696;PENEDIA
2697;PENHA
2698;PENHA CIRCULAR
2699;PENHA DE FRANCA
2700;PEPEUA
2701;PEQUI
2702;PEQUIZEIRO
2703;PERDIZES
2704;PEREQUE
2705;PEREQUE ACU
2706;PEREQUE MIRIM
2707;PERIMETRAL
2708;PERIPERI
2709;PERIQUITOS
2710;PERNAMBUES
2711;PERO
2712;PERPETUO SOCORRO
2713;PESTANA
2714;PETROPOLIS
2715;PHOC II
2716;PIACU
2717;PICADA
2718;PICARRA
2719;PICARREIRA
2720;PICI
2721;PICO DO AMOR
2722;PIEDADE
2723;PILAR
2724;PILARES
2725;PILARZINHO
2726;PIMENTAS
2727;PINA
2728;PINHAIS
2729;PINHAL
2730;PINHAL ALTO
2731;PINHALZINHO
2732;PINHEIRINHO
2733;PINHEIRINHOS
2734;PINHEIRO
2735;PINHEIRO GROSSO
2736;PINHEIROS
2737;PINHOS
2738;PINTO MADEIRA
2739;PINTOS NEGREIROS
2740;PIO XII
2741;PIONEIROS
2742;PIQUERI
2743;PIRACICAMIRIM
2744;PIRAJA
2745;PIRAJUIA
2746;PIRAJUSSARA
2747;PIRATINY
2748;PIRAVEVE
2749;PIRELE
2750;PIRITUBA
2751;PITANGUEIRAS
2752;PITANGUEIRAS DE CIMA FURNAS
2753;PITANGUINHA
2754;PITIMBU
2755;PITUBA
2756;PLACAS
2757;PLANALTINA
2758;PLANALTO
2759;PLANALTO DO PICI
2760;PLANALTO PAULISTA
2761;PLANALTO SERRANO BLOCO A
2762;PLANALTO VERDE
2763;PLANALTO ZE GOMES
2764;PLANO DIRETOR NORTE
2765;PLANO DIRETOR SUL
2766;PLANO PILOTO
2767;PLANTA VILA RICA
2768;PLATAFORMA
2769;PLATINA
2770;PLATO DO PIQUIA
2771;POCINHO
2772;POCO
2773;POCO QUATRO
2774;POCOS DE CALDAS
2775;POIARES
2776;POJUCA NOVA
2777;POLO EMPRESARIAL
2778;POLO EMPRESARIAL GOIAS
2779;POLO EMPRESARIAL NOVA CANAA
2780;POLO INDUSTRIAL
2781;POLO MOVELEIRO
2782;POLOCENTRO L
2783;PONTA AGUDA
2784;PONTA D AREIA
2785;PONTA DA AGULGA
2786;PONTA DA PRAIA
2787;PONTA GROSSA
2788;PONTA GROSSA ICOARACI
2789;PONTA NEGRA
2790;PONTA VERDE
2791;PONTAL
2792;PONTAL DE SANTA MARINA
2793;PONTAL DO AREIA
2794;PONTAL DO SUL
2795;PONTAS DE PEDRA
2796;PONTE
2797;PONTE ALTA
2798;PONTE DOS CARVALHOS
2799;PONTE PRETA
2800;PONTE RASA
2801;PONTE SECA
2802;POPULAR
2803;POR DO SOL
2804;PORTAL
2805;PORTAL DA FAZENDINHA II
2806;PORTAL DE BIANCA
2807;PORTAO
2808;PORTAO PRETO
2809;PORTINHO
2810;PORTO
2811;PORTO CANOA
2812;PORTO D ANTAS
2813;PORTO DAS CANOAS
2814;PORTO DAS DUNAS
2815;PORTO DE SANTANA
2816;PORTO DOS PADRES
2817;PORTO GUAXUPE
2818;PORTO NOVO
2819;PORTO TROMBETAS
2820;PORTO VELHO
2821;POSSE
2822;POSTO DA MATA
2823;POTENGI
2824;POTIGUARA
2825;POTIM
2826;POTIU
2827;POUSADA DA NEVE
2828;POV DE BONOPOLIS
2829;POV PALESTINA
2830;POV PEQUIA
2831;POVO NOVO 3 DISTR
2832;POVOADO MARACAJAU
2833;POVOADO MASSALINA
2834;POZZOBON
2835;PQ CONTINENTAL
2836;PQUE PREZOTTO
2837;PRACA 14
2838;PRACA 14 DE JANEIRO
2839;PRACA DA BANDEIRA
2840;PRADO
2841;PRADO VELHO
2842;PRAIA
2843;PRAIA COMPRIDA
2844;PRAIA DA BANDEIRA
2845;PRAIA DA COSTA
2846;PRAIA DE IRACEMA
2847;PRAIA DE ITAPARICA
2848;PRAIA DO CANTO
2849;PRAIA DO MORRO
2850;PRAIA DO PEREQUE
2851;PRAIA DO SAUE
2852;PRAIA DO SUA
2853;PRAIA DOS SONHOS
2854;PRAIA GRANDE
2855;PRAINHA
2856;PRATINHA
2857;PRAZERES
2858;PREFEITO ANTONIO LINS DE SOUZA
2859;PRESIDENTE ALTINO
2860;PRESIDENTE MEDICI
2861;PRESIDENTE VARGAS
2862;PRIMAVERA
2863;PRIMAVERA 3
2864;PRIMEIRO
2865;PRIMEIRO DISTRITO
2866;PRINCESA IZABEL
2867;PROFESSOR SIMOES
2868;PROGRESSO
2869;PROJETO CUJUBIM
2870;PROJETO DE ASSENTAMENTO PENDENGO LOTE 4
2871;PROJETO MANDACARU
2872;PROJETO VALE VERDE
2873;PROL PARQUE JARDIM CAP SILVA
2874;PROMISSAO II
2875;PROTASIO ALVES
2876;PRQ ALVES DE LIMA
2877;QUADRO
2878;QUARENTA
2879;QUARENTA HORAS
2880;QUARTA LINHA
2881;QUARTO DISTRITO
2882;QUATIS
2883;QUATRO BOCAS
2884;QUEIMADA NOVA
2885;QUEIMADINHA
2886;QUILOMBO
2887;QUINTA DA PAINEIRA
2888;QUINTA DAS PALMEIRAS
2889;QUINTAO
2890;QUINTAS DAS AVENIDAS
2891;QUINTAS DO SOL
2892;QUINTO
2893;QUINTO DISTRITO
2894;QUINZE
2895;QUISSAMA
2896;QUITANDINHA
2897;QUIXABINHA
2898;QUIXADA AMORIM
2899;RAIA
2900;RAIZ
2901;RAIZEIRA
2902;RAMALHADA
2903;RAMOS
2904;RANCHO ALEGRE
2905;RAUL VEIGA
2906;REAL PARQUE
2907;REALENGO
2908;REBOUCAS
2909;REC DAS LARANJEIRAS
2910;RECANTO CAMPO BELO
2911;RECANTO DA LAGOA
2912;RECANTO DAS ACACIAS
2913;RECANTO DAS EMAS
2914;RECANTO DO BEIJA FLOR
2915;RECANTO DO SOL
2916;RECANTO DOS LAGOS
2917;RECANTO FELIZ
2918;RECANTO PHRYNEA
2919;RECANTO QUARTO CENTENARIO
2920;RECANTO VERDE
2921;RECANTO VERDE SOL
2922;RECHAN
2923;RECIFE
2924;RECIFE ANTIGO
2925;RECREIO
2926;RECREIO DOS BANDEIRANTES
2927;RECREIO SAO JORGE
2928;REDENCAO
2929;REDUTO
2930;REGIAO DO LAGO
2931;REGIAO DOS LAGOS SOBRADINHO
2932;REMANESCENTE VI
2933;REMANSO CAMPINEIRO
2934;REMEDIOS
2935;RENASCENCA
2936;RENASCER
2937;RENASCER II
2938;RENEEVILLE
2939;REPRESA
2940;REPUBLICA
2941;RESIDENCIAL ACACIAS
2942;RESIDENCIAL AGUAS DO VALE
2943;RESIDENCIAL ALVORADA
2944;RESIDENCIAL AMERICA DO SUL
2945;RESIDENCIAL ANA CELIA
2946;RESIDENCIAL ANGELO ROSA
2947;RESIDENCIAL ARUANA
2948;RESIDENCIAL BELA VISTA
2949;RESIDENCIAL BOSQUE DOS IPES
2950;RESIDENCIAL D NAPO
2951;RESIDENCIAL DAS ESTRELAS
2952;RESIDENCIAL E COMERCIAL CIDADE JARDIM
2953;RESIDENCIAL FELICIDADE
2954;RESIDENCIAL MORRO DO SOL
2955;RESIDENCIAL OURO VERDE
2956;RESIDENCIAL P PORA I
2957;RESIDENCIAL PAIAGUAS
2958;RESIDENCIAL PALMA MININEL
2959;RESIDENCIAL PARAISO
2960;RESIDENCIAL PARQUE CUMBICA
2961;RESIDENCIAL PORTAL DA SERRA
2962;RESIDENCIAL PRIMAVERA
2963;RESIDENCIAL SAO CLEMENTE
2964;RESIDENCIAL SAO FRANCISCO
2965;RESIDENCIAL SITIO SANTO ANTONIO
2966;RESIDENCIAL SOLAR VILLE
2967;RESIDENCIAL SUL
2968;RESIDENCIAL TAMBORE
2969;RESIDENCIAL VERONA
2970;RESIDENCIAL VILA FLORA
2971;RETIRO
2972;RETIRO DOS PATOS
2973;RIACHINHO
2974;RIACHO DAS PEDRAS
2975;RIACHO DOCE
2976;RIACHO FUNDO 1
2977;RIACHO FUNDO I
2978;RIACHO FUNDO II
2979;RIACHUELO
2980;RIBEIRA
2981;RIBEIRAO ALEGRE
2982;RIBEIRAO DO PINHAL
2983;RIBEIRAO FUNDO
2984;RIBEIRAO L TERRA
2985;RIBEIRO
2986;RINCAO COMPRIDO
2987;RIO ABAIXO
2988;RIO ACIMA
2989;RIO AMBAR
2990;RIO ANIL
2991;RIO BRANCO
2992;RIO CAVERAS
2993;RIO CERRO II
2994;RIO COMPRIDO
2995;RIO CORRENTE
2996;RIO COTIA
2997;RIO DAS OSTRAS
2998;RIO DOS BANHADOS
2999;RIO MADEIRA
3000;RIO MAINA
3001;RIO MANSO
3002;RIO MARINHO
3003;RIO MORTO
3004;RIO PEQUENO
3005;RIO SENA
3006;RIO TAVARES
3007;RIO TINTO
3008;RIO VERDE
3009;RIO VERMELHO
3010;RIO VERMELHO POVOADO
3011;RIOZINHO
3012;ROCA GRANDE
3013;ROCAS
3014;ROCHA MIRANDA
3015;ROCHA SOBRINHO
3016;RODEIO 12
3017;RODOLFO TEOFILO
3018;RODOVIA
3019;RODOVIARIA
3020;RODOVIARIO
3021;RODRIGUES
3022;ROMEOPOLIS
3023;ROQUE
3024;ROSA DA PENHA
3025;ROSA MISTICA
3026;ROSALIA
3027;ROSARINHO
3028;ROSARIO
3029;RUA DO FOGO
3030;RUBEM BERTA
3031;RUBIA
3032;RUI RAMOS
3033;RURAL
3034;RURAL PEDERNEIRAS
3035;S J CLIMACO
3036;S N FERROVIARIO
3037;SACOMA
3038;SAG COR DE JESUS
3039;SAGRADA FAMILIA
3040;SAGUACU
3041;SAIC
3042;SALGADO
3043;SALGADO FILHO
3044;SALLES DE OLIVEIRA
3045;SALSEIROS
3046;SALTO BONITO
3047;SALTO DO NORTE
3048;SALUSTINO V DE MELO
3049;SAMAMBAIA
3050;SAMAMBAIA NORTE SAMAMBAIA
3051;SAMAMBAIA SUL SAMAMBAIA
3052;SAMPAIO
3053;SAN GENARO
3054;SAN MARTIN
3055;SANDER
3056;SANGA FUNDA
3057;SANTA AGUEDA
3058;SANTA AMELIA
3059;SANTA BARBARA
3060;SANTA CANDIDA
3061;SANTA CATARINA
3062;SANTA CECILIA
3063;SANTA CLARA
3064;SANTA CRUZ
3065;SANTA CRUZ DO BANABUIU
3066;SANTA CRUZ DOS NAVEGANTES
3067;SANTA DELMIRA
3068;SANTA EDWIRGES
3069;SANTA EFIGENIA
3070;SANTA EMILIA
3071;SANTA ETELVINA
3072;SANTA FE
3073;SANTA FELICIDADE
3074;SANTA FLORA
3075;SANTA HELENA
3076;SANTA IFIGENIA
3077;SANTA INES
3078;SANTA ISABEL
3079;SANTA IZABEL
3080;SANTA LINA
3081;SANTA LUCIA
3082;SANTA LUZIA
3083;SANTA MARIA
3084;SANTA MARIA DA CODIPE
3085;SANTA MARIA GORETTI
3086;SANTA MARTA
3087;SANTA MONICA
3088;SANTA PAULA
3089;SANTA QUITERIA
3090;SANTA REGINA
3091;SANTA RITA
3092;SANTA RITA DE CASSIA
3093;SANTA ROSA
3094;SANTA ROSA DE LIMA
3095;SANTA TERESA
3096;SANTA TEREZA
3097;SANTA TEREZINHA
3098;SANTA ZITA
3099;SANTANA
3100;SANTIAGO
3101;SANTO AFONSO
3102;SANTO AGOSTINHO
3103;SANTO ALEIXO
3104;SANTO AMARO
3105;SANTO ANTONIO
3106;SANTO ANTONIO BARRA
3107;SANTO EXPEDITO
3108;SANTO HILARIO
3109;SANTO ONOFRE
3110;SANTOS DUMONT
3111;SAO BENEDITO
3112;SAO BENEDITO DA CACHOEIRINHA
3113;SAO BENTO
3114;SAO BRAS
3115;SAO BRAZ
3116;SAO CAETANO
3117;SAO CAMILO
3118;SAO CARLOS II
3119;SAO CONRADO
3120;SAO CRISTOVAO
3121;SAO DIMAS
3122;SAO DOMINGOS
3123;SAO DOMINGOS DO GUAPORE
3124;SAO FELIX
3125;SAO FILIPE
3126;SAO FRANCISCO
3127;SAO FRANCISCO LAGEADO
3128;SAO GABRIEL
3129;SAO GABRIEL DE GOIAS
3130;SAO GERALDO
3131;SAO GERARDO
3132;SAO GOTARDO
3133;SAO JACINTO
3134;SAO JOAO
3135;SAO JOAO BATISTA
3136;SAO JOAO BATISTA VENDA NOVA
3137;SAO JOAO CLIMACO
3138;SAO JOAO DE GARRAFAO
3139;SAO JOAO DO SOBRADO
3140;SAO JOAO NOVO
3141;SAO JOAQUIM
3142;SAO JORGE
3143;SAO JOSE
3144;SAO JOSE 1
3145;SAO JOSE DA SERRA
3146;SAO JOSE DE FRUTEIRAS
3147;SAO JOSE DE MIPIBU
3148;SAO JOSE DO AVENA
3149;SAO JOSE DO EGITO
3150;SAO JOSE DO IMBASSAI
3151;SAO JOSE DO VEADO
3152;SAO JOSE II
3153;SAO JUDAS
3154;SAO JUDAS TADEU
3155;SAO LAZARO
3156;SAO LOURENCO
3157;SAO LOURENCO DO TURVO
3158;SAO LUCAS
3159;SAO LUIS
3160;SAO LUIZ
3161;SAO LUIZ GONZAGA
3162;SAO MANOEL
3163;SAO MARCOS
3164;SAO MATEUS
3165;SAO MIGUEL
3166;SAO MIGUEL PAULISTA
3167;SAO PAULO
3168;SAO PEDRO
3169;SAO PELEGRINO
3170;SAO RAFAEL
3171;SAO RAIMUNDO
3172;SAO ROMERO
3173;SAO ROQUE
3174;SAO SALVADOR
3175;SAO SEBASTIAO
3176;SAO SEBASTIAO DA BOA VISTA
3177;SAO SILVANO
3178;SAO SILVESTRE
3179;SAO VICENTE
3180;SAO VICENTE DE PAULO
3181;SAPOPEMBA
3182;SARANDI
3183;SARDINHA
3184;SAUDADE II
3185;SAUDE
3186;SAVASSI
3187;SAVOY II
3188;SCHETTERT
3189;SE
3190;SEDE
3191;SEGISMUNDO PEREIRA
3192;SEM INFORMACAO
3193;SEMINARIO
3194;SENADOR CAMARA
3195;SENADOR HELIO CAMPOS
3196;SENADOR PRADO
3197;SENADOR SALGADO FILHO
3198;SENHOR DO BOMFIM
3199;SENHORA DAS GRACAS
3200;SERINHAEN
3201;SERRA
3202;SERRA ALTA
3203;SERRA CENTRO
3204;SERRA DOS CARAJAS
3205;SERRA DOS DOURADOS
3206;SERRA DOURADA
3207;SERRA DOURADA II
3208;SERRA DOURADA III
3209;SERRA VERDE
3210;SERRA VERDE VENDA NOVA
3211;SERRANO
3212;SERRARIA
3213;SERRARIA BRASIL
3214;SERRINHA
3215;SERTAO DO MARUIM
3216;SERTAOZINHO
3217;SESI
3218;SET INDUSTRIAL
3219;SETE DE SETEMBRO
3220;SETE PONTES
3221;SETE PRAIAS
3222;SETOR 2
3223;SETOR 3
3224;SETOR 4
3225;SETOR AEROPORTO
3226;SETOR AGUA BRANCA
3227;SETOR ALTO PARAISO
3228;SETOR ANHANGUERA
3229;SETOR B
3230;SETOR BELA VISTA
3231;SETOR BUENO
3232;SETOR CAMPINAS
3233;SETOR CENTRAL
3234;SETOR CENTRAL 3 VILA SANTA ROSA
3235;SETOR CENTRO OESTE
3236;SETOR COIMBRA
3237;SETOR COMERCIAL
3238;SETOR CRIMEIA OESTE
3239;SETOR DE HABITACOES INDIVIDUAIS SUL
3240;SETOR DE HOTEIS E DIVERSOES PLANALTINA
3241;SETOR DE IND E ABAST
3242;SETOR DOIS
3243;SETOR DOS FUNCIONARIOS
3244;SETOR E
3245;SETOR ESTRELA DALVA
3246;SETOR GARAVELO B
3247;SETOR HABITACIONAL TORORO SANTA MARIA
3248;SETOR INDUST ABASTECIM
3249;SETOR INDUSTRIA
3250;SETOR INDUSTRIAL
3251;SETOR INDUSTRIAL AEROPORTO
3252;SETOR INDUSTRIAL II
3253;SETOR JAO
3254;SETOR LESTE
3255;SETOR LESTE VILA NOVA
3256;SETOR MANDU II
3257;SETOR MARISTA
3258;SETOR MARISTA SUL
3259;SETOR MORADA DO SOL
3260;SETOR MORAIS
3261;SETOR NORTE
3262;SETOR NORTE A
3263;SETOR NORTE FERROVIARIO
3264;SETOR NOVO HORIZONTE
3265;SETOR NOVO PLANALTO
3266;SETOR OESTE
3267;SETOR OESTE SOBRADINHO II
3268;SETOR ORIENTEVILLE
3269;SETOR PARQUE TREMENDAO
3270;SETOR PAUSANES
3271;SETOR PEDRO LUDOVICO
3272;SETOR PIONEIRO
3273;SETOR POUSO ALTO
3274;SETOR PRIMAVERA
3275;SETOR RESIDENCIAL MESTRE D ARMAS PLANALTINA
3276;SETOR RODOVIARIO
3277;SETOR SANTA BARBARA DE GOIAS
3278;SETOR SANTA FE TAQUARALTO
3279;SETOR SANTA LUZIA
3280;SETOR SUDOESTE
3281;SETOR SUL
3282;SETOR SUL II
3283;SETOR SULESTE
3284;SETOR UNIVERSITARIO
3285;SETOR URIAS MAGALHAES
3286;SETOR ZONA RURAL
3287;SEVERINO PINHEIRO
3288;SEVILHA 2A SECAO
3289;SHELL
3290;SILOP
3291;SIM
3292;SINCERINO
3293;SION
3294;SIQUEIRA CAMPOS
3295;SITIO BARROCADA
3296;SITIO CERCADO
3297;SITIO DO MANDAQUI
3298;SITIO DO MORRO
3299;SITIO DOS ARANTES
3300;SITIO DOS VALERIOS
3301;SITIO ENTRONCAMENTO
3302;SITIO MORRINHO I
3303;SITIO NOVO
3304;SOARES
3305;SOBRADINHO
3306;SOBRADO
3307;SOBRAL
3308;SOBRINHO
3309;SOCORRO
3310;SOLANGE PARQUE I
3311;SOLAR DE CALDAS
3312;SOLAR DO CAMPO
3313;SOLEMAR
3314;SOLO SAGRADO
3315;SOROCABUSSU
3316;SOTECO
3317;SP
3318;STEFFEN
3319;STELA DUBOIS
3320;STELLA MARIS
3321;STEVANELLI
3322;STIEP
3323;STO ANTONIO
3324;SUBURBIO
3325;SUDOESTE
3326;SUICO
3327;SUISSA
3328;SUL AGUAS CLARAS
3329;SUMARE
3330;SUMAREZINHO
3331;TABATINGA
3332;TABOAO
3333;TABOLEIRO
3334;TABULEIRO
3335;TABULEIRO DO MARTINS
3336;TABULEIRO MONTE ALEGRE
3337;TAGUATINGA
3338;TAGUATINGA CENTRO TAGUATINGA
3339;TAGUATINGA NORTE
3340;TAIACUPEBA
3341;TAIAMA
3342;TAMARINDO
3343;TAMBAU
3344;TAMUA
3345;TANCREDO NEVES
3346;TANINHO
3347;TANQUA
3348;TANQUINHO
3349;TAPANA
3350;TAPANA ICOARACI
3351;TAPERA GRANDE
3352;TAPERAGUA
3353;TAPUME
3354;TAQUARA
3355;TAQUARA BRANCA
3356;TAQUARA PRETA
3357;TAQUARAL
3358;TAQUARI
3359;TAQUARUSSU
3360;TARUMA
3361;TATUAPE
3362;TATUQUARA
3363;TAVARES
3364;TEIXEIRAS
3365;TEJUCO
3366;TELEGRAFO
3367;TELEGRAFO SEM FIO
3368;TENONE
3369;TERCEIRA DIVISAO DE INTERLAGOS
3370;TERCEIRO
3371;TERMAS DO GRAVATAL
3372;TERRA FIRME
3373;TERRA PRETA
3374;TERREO
3375;TESO DURO
3376;TESTO REGA
3377;TEUTONIA
3378;THOMAS REZENDE
3379;THOMPSON FLORES
3380;TIBERY
3381;TIBIRA
3382;TIGUEIRAO
3383;TIJUCA
3384;TIJUCAL
3385;TIJUCO PRETO
3386;TIMBI
3387;TIMBO
3388;TINGA
3389;TIRADENTES
3390;TIROL
3391;TOCANTINS
3392;TOMBA
3393;TONY JUSTINOPOLIS
3394;TORIBA DO SUL
3395;TORRE
3396;TRAVESSA BELVEDERE
3397;TRAVESSAO
3398;TRAVESSAO LAGOA BELL
3399;TRAVESSAO RONDELLI
3400;TREM
3401;TRES BARRAS
3402;TRES COQUEIROS
3403;TRES FIGUEIRAS
3404;TRES FRONTEIRAS
3405;TRES MARIAS
3406;TRES PONTES
3407;TRES RANCHOS
3408;TRES VENDAS
3409;TREVO
3410;TREZE DE SETEMBRO
3411;TRIANGLO
3412;TRIANGULO
3413;TRIANGULO NOVO
3414;TRIANON
3415;TRINCHEIRAS
3416;TRINDADE
3417;TRIOLANDIA
3418;TRISTEZA
3419;TRIZIDELA
3420;TROPICAL
3421;TUBALINA
3422;TUBARAO
3423;TUCURUVI
3424;TUIUTY
3425;TUNAS
3426;TUPI
3427;TUPY
3428;TURU
3429;TURVINHO
3430;TURVO GRAMADINHO
3431;TV
3432;UBERABA
3433;UIRAPURU
3434;UMARIZAL
3435;UMBELINA
3436;UMBUZEIRO
3437;UMUARAMA
3438;UNA
3439;UNIAO
3440;UNIVERSITARIO
3441;URBANO
3442;URBANO BARROSO
3443;URBANOVA
3444;URBIS III
3445;URBIS VI
3446;URCA
3447;URUARA
3448;URUGUAI
3449;URUMARI
3450;USINA DO ESTREITO
3451;USINA SANTO ANTONIO
3452;UTINGA
3453;UVARANAS
3454;V DISTRITO
3455;V PENTEADO
3456;V S SEBASTIAO
3457;V SAN FERNANDO
3458;VAL PARAISO
3459;VALE DAS GOAIBEIRAS
3460;VALE DAS PALMEIRAS
3461;VALE DO AMANHECER PLANALTINA
3462;VALE DO IPE
3463;VALE DO SOL
3464;VALE DOURADO
3465;VALE FORMOSO
3466;VALE VERDE
3467;VALENTINA
3468;VALERIA
3469;VALFLOR
3470;VALINHOS
3471;VALPARAISO I ETAPA A
3472;VALPARAISO II
3473;VALVERDE
3474;VAO DO SERTAO
3475;VARGEM DO BOM JESUS
3476;VARGEM G DO SOTURNO
3477;VARGEM GRANDE
3478;VARGEM PEQUENA
3479;VARGINHA
3480;VARZEA
3481;VARZEA DA MATRIZ
3482;VARZEA DAS MOCAS
3483;VARZEA DO RANCHINHO MONTE ALEGRE
3484;VARZEA GRANDE
3485;VARZEA NOVA
3486;VASCO FILHO
3487;VASSOURAL
3488;VATINGA
3489;VELHA
3490;VELHA MARABA
3491;VENANCIOS II
3492;VENDA BRANCA
3493;VENDA NOVA
3494;VENDAVAL
3495;VENEZA
3496;VENTANIA
3497;VER LUIZ C AZEVEDO
3498;VERA CRUZ
3499;VERDAO
3500;VERGEL DO LAGO
3501;VERMELHA
3502;VERTENTE
3503;VIANA
3504;VIANOPOLIS
3505;VICENTE DE CARVALHO
3506;VICENTE PINZON
3507;VICENTINA
3508;VICTOR KONDER
3509;VIDA NOVA
3510;VIDIGAL
3511;VIENA JUSTINOPOLIS
3512;VIL A SANTO ANTONIO
3513;VIL CORONEL CAMISAO
3514;VILA
3515;VILA 31 DE MARCO
3516;VILA ABERNESSIA
3517;VILA ACRE
3518;VILA ADYANA
3519;VILA AEROPORTO
3520;VILA AGUA BONITA
3521;VILA ALBERTINA
3522;VILA ALICE VICENTE DE CARVALHO
3523;VILA ALTO DA CRUZ
3524;VILA ALTO DE SANTO ANDRE
3525;VILA ALTO SANTO ANDRE
3526;VILA ALVORADA
3527;VILA ALZIRA
3528;VILA AMERICA
3529;VILA AMERICANA
3530;VILA AMIZADE
3531;VILA ANA MARIA
3532;VILA ANALIA
3533;VILA ANASTACIO
3534;VILA ANDRADE
3535;VILA ANORAL
3536;VILA ANTARTICA
3537;VILA ANTONIETA
3538;VILA ANTONIO AUGUSTO LUIZ
3539;VILA APARECIDA
3540;VILA ARACI
3541;VILA ARAGUAIA
3542;VILA ARTEM
3543;VILA ARTHUR
3544;VILA ASSUNCAO
3545;VILA ATHAIDE
3546;VILA AUGUSTA
3547;VILA AUREA
3548;VILA AURORA
3549;VILA BANCARIA
3550;VILA BANDEIRANTE
3551;VILA BANDEIRANTES
3552;VILA BARBOSA
3553;VILA BARCELONA
3554;VILA BELA
3555;VILA BELA VISTA ZONA NORTE
3556;VILA BELMIRO
3557;VILA BERTIOGA
3558;VILA BESSY
3559;VILA BIASI
3560;VILA BISSOTO
3561;VILA BOA VISTA
3562;VILA BOA VISTA 1
3563;VILA BOCAINA
3564;VILA BOM JARDIM
3565;VILA BOM PRINCIPIO
3566;VILA BOM SUCESSO
3567;VILA BORALI
3568;VILA BRASIL
3569;VILA BRASILIA
3570;VILA BRASILIA II
3571;VILA BRASILINA
3572;VILA BRESSAN
3573;VILA BRETAS
3574;VILA BUARQUE
3575;VILA BUENOS AIRES
3576;VILA CACHOEIRINHA
3577;VILA CAFETEIRA
3578;VILA CAICARA
3579;VILA CALIFORNIA
3580;VILA CAMARGO
3581;VILA CAMPESTRE
3582;VILA CANARIA
3583;VILA CAPRI
3584;VILA CARAGUATA
3585;VILA CARBONE
3586;VILA CARDIM
3587;VILA CARDIM II
3588;VILA CARMOSINA
3589;VILA CARONI
3590;VILA CARRAO
3591;VILA CARRO
3592;VILA CARVALHO
3593;VILA CASCAVEL
3594;VILA CASONI
3595;VILA CASTELO
3596;VILA CAXIAS
3597;VILA CELESTE
3598;VILA CHICO MENDES AREIAS
3599;VILA CHRISTINO
3600;VILA CHUI
3601;VILA CIDADE
3602;VILA CLARA
3603;VILA CLAUDIA
3604;VILA CLEMENTINO
3605;VILA CLEO
3606;VILA CONCEICAO
3607;VILA CONSTANCA
3608;VILA CORDEIRO
3609;VILA COSMOPOLITA
3610;VILA COSTA
3611;VILA CRISTINA
3612;VILA CRM
3613;VILA CRUZ
3614;VILA CRUZEIRO
3615;VILA CUBATAO
3616;VILA CURUCA
3617;VILA DA OPORTUNIDADE
3618;VILA DA PENHA
3619;VILA DA PRATA
3620;VILA DA SAUDE
3621;VILA DANIEL
3622;VILA DANUBIO AZUL
3623;VILA DAS ACACIAS
3624;VILA DAS FLORES
3625;VILA DAS MERCES
3626;VILA DE ABRANTES
3627;VILA DE FATIMA
3628;VILA DE SAO SEBASTIA
3629;VILA DIRCE
3630;VILA DO CRUZEIRO
3631;VILA DO GOLF
3632;VILA DO JAPUMIRIM
3633;VILA DOM PEDRO II
3634;VILA DOMINGUINHO
3635;VILA DOS CABANOS
3636;VILA DOS REMEDIOS
3637;VILA DUBUS
3638;VILA DUSI
3639;VILA DUZI
3640;VILA EDE
3641;VILA EDUARDA
3642;VILA ELDIZIA
3643;VILA ELISA
3644;VILA ELIZA FUMAGALLI
3645;VILA ELMAZ
3646;VILA EMA
3647;VILA ENGENHO NOVO
3648;VILA ERCILIA
3649;VILA ESPANHOLA
3650;VILA ESPERANCA
3651;VILA ESTRUTURAL
3652;VILA EUCLIDES
3653;VILA EUGENIO ROSSI
3654;VILA FACHINI
3655;VILA FALCHI
3656;VILA FARIA
3657;VILA FATIMA
3658;VILA FIORI
3659;VILA FLORES
3660;VILA FLORIDA
3661;VILA FORMOSA
3662;VILA FRANCISCO MARIANO
3663;VILA FRIBURGO
3664;VILA GALO
3665;VILA GALVAO
3666;VILA GEA
3667;VILA GEORGINA
3668;VILA GIL
3669;VILA GOIS
3670;VILA GOMES CARDIM
3671;VILA GRACIOSA
3672;VILA GRANADA
3673;VILA GRAZIELA
3674;VILA GUACU
3675;VILA GUADIANA
3676;VILA GUAIRA
3677;VILA GUARA
3678;VILA GUARACIABA
3679;VILA GUARANI
3680;VILA GUARANI ZONA SUL
3681;VILA GUARUJA
3682;VILA GUILHERME
3683;VILA GUILHERMINA
3684;VILA GUMERCINDO
3685;VILA GUSTAVO
3686;VILA GUSTAVO CORREIA
3687;VILA HARO
3688;VILA HAUER
3689;VILA HELENA
3690;VILA HORTENCIA
3691;VILA IASI
3692;VILA IMBUI
3693;VILA IMPERIAL
3694;VILA INDEPENDENCIA
3695;VILA INDUSTRIAL
3696;VILA INGLESA
3697;VILA INVERNADA
3698;VILA IPIRANGA
3699;VILA IPOJUCA
3700;VILA IRIS
3701;VILA ISABEL
3702;VILA ITAMAR
3703;VILA ITAPURA
3704;VILA IVG
3705;VILA IVONE
3706;VILA IVONETE
3707;VILA IVONTE
3708;VILA IZABEL
3709;VILA JAGUARA
3710;VILA JANAINA
3711;VILA JARDIM
3712;VILA JARDIM VITORIA
3713;VILA JARDINI
3714;VILA JOANIZA
3715;VILA JOAO ALBERTO
3716;VILA JOAO BATISTA
3717;VILA JOCKEI CLUBE
3718;VILA JONES
3719;VILA JOSE KALIL
3720;VILA JUDITE
3721;VILA JULIA
3722;VILA JULIO DE OLIVEIRA
3723;VILA JUNDIAI
3724;VILA LEMOS
3725;VILA LEOPOLDINA
3726;VILA LIDER
3727;VILA LIDIA
3728;VILA LIVIERO
3729;VILA LONDRINA
3730;VILA LUCY
3731;VILA LUIZA
3732;VILA LUIZAO
3733;VILA MACEDOPOLIS
3734;VILA MACENO
3735;VILA MACHADO
3736;VILA MADALENA
3737;VILA MAIA
3738;VILA MANENTI
3739;VILA MAR
3740;VILA MARACANA
3741;VILA MARGARIDA DA CRUZ
3742;VILA MARIA
3743;VILA MARIA BAIXA
3744;VILA MARIA JOSE
3745;VILA MARIA LEONOR
3746;VILA MARIA LUIZA
3747;VILA MARIANA
3748;VILA MARIETA
3749;VILA MARTA
3750;VILA MARTINS II
3751;VILA MASCOTE
3752;VILA MATIAS
3753;VILA MATILDE
3754;VILA MAUA
3755;VILA MEDEIROS
3756;VILA MEGALE
3757;VILA MENK
3758;VILA MERCEDES
3759;VILA MILITAR
3760;VILA MIRA
3761;VILA MIRANTE
3762;VILA MISSIONARIA
3763;VILA MOEMA
3764;VILA MOLON
3765;VILA MONTE ALEGRE
3766;VILA MONTE CARLO
3767;VILA MONUMENTO
3768;VILA MORAES
3769;VILA MORANGUEIRA
3770;VILA MORMAN
3771;VILA MORSE
3772;VILA MURIQUI
3773;VILA N CACHOEIRINHA
3774;VILA N CONCEICAO
3775;VILA N SAO SEBASTIAO
3776;VILA N SRA FATIMA
3777;VILA NATAL
3778;VILA NEUMA
3779;VILA NHOCUNE
3780;VILA NILO
3781;VILA NINA
3782;VILA NOEMIA
3783;VILA NOEMY
3784;VILA NOGUEIRA
3785;VILA NORTE
3786;VILA NOSSA SENHORA DA PAZ
3787;VILA NOSSA SENHORA DAS VITORIAS
3788;VILA NOVA
3789;VILA NOVA BONSUCESSO
3790;VILA NOVA BOTUCATU
3791;VILA NOVA CACHOEIRINHA
3792;VILA NOVA CIDADE UNIVERSITARIA
3793;VILA NOVA CINTRA
3794;VILA NOVA CONCEICAO
3795;VILA NOVA CURUCA
3796;VILA NOVA JAU
3797;VILA NOVA MANCHESTER
3798;VILA NOVA MAZZEI
3799;VILA NOVA OSASCO
3800;VILA NOVA SOROCABA
3801;VILA NOVA TEIXEIRA
3802;VILA NOVA VALINHOS
3803;VILA NOVA VISTA
3804;VILA NOVA YORK
3805;VILA NOVAES
3806;VILA NS FATIMA
3807;VILA NUNES
3808;VILA OLIMPIA
3809;VILA OLIMPICA
3810;VILA OLINDA
3811;VILA OLIVEIRA
3812;VILA OLIVO
3813;VILA OPERARIA
3814;VILA ORATORIO
3815;VILA ORTIZ
3816;VILA OSASCO
3817;VILA OSVALDO ROSA
3818;VILA OURO VERDE
3819;VILA PADOVAN
3820;VILA PAIVA
3821;VILA PALAZZI
3822;VILA PALESTINA
3823;VILA PALMARES
3824;VILA PALMEIRAS
3825;VILA PARAISO
3826;VILA PARANAGUA
3827;VILA PAROLIN
3828;VILA PARQUE JABAQUARA
3829;VILA PAULICEIA
3830;VILA PAULISTA
3831;VILA PE MANOEL DA NOBREGA
3832;VILA PEDRO MOREIRA
3833;VILA PENTEADO
3834;VILA PEREIRA
3835;VILA PERINO
3836;VILA PERMANENTE
3837;VILA PERUS
3838;VILA PERY
3839;VILA PIEDADE
3840;VILA PINDORAMA
3841;VILA PLANALTO
3842;VILA POLOPOLI
3843;VILA POMPEIA
3844;VILA PONTA PORA
3845;VILA POPULAR
3846;VILA PORTES
3847;VILA PRADO
3848;VILA PREL
3849;VILA PRES VARGAS
3850;VILA PRIMAVERA
3851;VILA PRINCESA IZABEL
3852;VILA PROGRESSO
3853;VILA PRUDENTE
3854;VILA PRUDENTE DE MORAES
3855;VILA QUEIROZ
3856;VILA QUITAUNA
3857;VILA RABELO
3858;VILA RE
3859;VILA REAL
3860;VILA REAL CONTINUACAO
3861;VILA RECREIO
3862;VILA REDENCAO
3863;VILA REDENTORA
3864;VILA REGENTE FEIJO
3865;VILA REGINA
3866;VILA REMO
3867;VILA REZENDE
3868;VILA RICA
3869;VILA RIMAN
3870;VILA RIO BRANCO
3871;VILA ROMANA
3872;VILA ROMANOPOLIS
3873;VILA ROMAR
3874;VILA ROSA
3875;VILA ROSALIA
3876;VILA ROSARIA
3877;VILA ROSARIO
3878;VILA RUBI
3879;VILA RUI BARBOSA
3880;VILA SABIA
3881;VILA SAMPAIO
3882;VILA SAMPAIO BUENO
3883;VILA SANCHES
3884;VILA SANTA CATARINA
3885;VILA SANTA CLARA
3886;VILA SANTA EDWIGES
3887;VILA SANTA HELENA
3888;VILA SANTA ISABEL
3889;VILA SANTA IZABEL
3890;VILA SANTA LAURA
3891;VILA SANTA LIDIA
3892;VILA SANTA LUCIA
3893;VILA SANTA LUZIA
3894;VILA SANTA MARIA
3895;VILA SANTA RITA
3896;VILA SANTA ROSA
3897;VILA SANTA TEREZINHA
3898;VILA SANTA TEREZINHA CENTRO
3899;VILA SANTANA
3900;VILA SANTO ANTONIO
3901;VILA SANTOS
3902;VILA SAO CARLOS
3903;VILA SAO DOMINGOS
3904;VILA SAO FRANCISCO
3905;VILA SAO GERALDO
3906;VILA SAO JOSE
3907;VILA SAO JUDAS THADEU
3908;VILA SAO PAULO
3909;VILA SAO PEDRO
3910;VILA SAO SEBASTIAO
3911;VILA SAO TOMAZ
3912;VILA SAO TOME
3913;VILA SCHULZ
3914;VILA SEIXAS
3915;VILA SERRA PELADA
3916;VILA SERTANEJA
3917;VILA SESAMO
3918;VILA SILVA RIBEIRO
3919;VILA SILVEIRA
3920;VILA SILVIANIA
3921;VILA SINHA
3922;VILA SOFIA
3923;VILA SOL NASCENTE
3924;VILA ST CATARINA
3925;VILA STAFF
3926;VILA SUICA
3927;VILA SUISSA
3928;VILA SUL AMERICANA
3929;VILA SUZANA
3930;VILA TALARICO
3931;VILA TAQUARUSSU
3932;VILA TARUMA
3933;VILA TATETUBA
3934;VILA TEREZA
3935;VILA THAIS
3936;VILA TIBERIO
3937;VILA TOLENTINO
3938;VILA TONINHO
3939;VILA TORRES
3940;VILA TRUJILLO
3941;VILA UBERABINHA
3942;VILA UNIAO
3943;VILA UNIVERSITARIA
3944;VILA URSULINA
3945;VILA URUPES
3946;VILA VALQUEIRE
3947;VILA VARGAS
3948;VILA VENDITTI
3949;VILA VERA
3950;VILA VERDE
3951;VILA VIANA
3952;VILA VIANELO
3953;VILA VIRGINIA
3954;VILA VITORIA
3955;VILA VITORIA II
3956;VILA XAVIER
3957;VILA YARA
3958;VILA ZELIA
3959;VILA ZELINA
3960;VILA ZILDA
3961;VILANOVA
3962;VILANOVA SAO JOSE
3963;VILAR DOS TELES
3964;VILLA REAL
3965;VINA DEL MAR
3966;VINHAIS
3967;VINTE SEIS DE MARCO
3968;VIOLETE
3969;VISCONDE DE ARAUJO
3970;VISTA ALEGRE
3971;VISTA REDONDA
3972;VITORIA
3973;VITORIA REGIA
3974;VIUVA
3975;VIVENDAS DO ARVOREDO
3976;VL NOVA SANTA ROSA
3977;VL PRUDENCIANA
3978;VLA JARDIM PLANALTO
3979;VLA NOVA BRASILIA
3980;VOLTA DO BREJO
3981;VOLTA GRANDE
3982;VOLTA REDONDA
3983;VON BORSTEL
3984;VORSTADT
3985;WANEL VILLE II
3986;WEISSOPOLIS
3987;WULISSES GUIMARAES
3988;XAVANTE BEL ROXO
3989;XAXIM
3990;XIRIRICA
3991;XV DE NOVEMBRO
3992;ZACARIAS
3993;ZONA 01
3994;ZONA 02
3995;ZONA 1
3996;ZONA 2
3997;ZONA 4
3998;ZONA 5
3999;ZONA 7
4000;ZONA 9
4001;ZONA I
4002;ZONA III
4003;ZONA INDUSTRIAL
4004;ZONA IV
4005;ZONA NORTE
4006;ZONA NOVA
4007;ZONA RARUL
4008;ZONA RUAL
4009;ZONA RURAL
4010;ZONA URBANA
4011;ZONAL
4012;ZR PEQUIA
4013;ZUMBI DO PACHECO
4014;ZUMBI DOS PALMARES
